,score,finnkode,place,fylke,pris_kr,total_daa,arable,forest,land_src,km_anchor,slope_%,S_horiz,elev,coast,creek,flags,url,listing_kind
1,78.9,475527762,Sandstad,Trøndelag,1425840,1383.0,14.6,294.5,nibio,147,11.6,4.9,7.0,strandlinje/naust,elv/vann,reno TG3-HEAVY,https://www.finn.no/realestate/homes/ad.html?finnkode=475527762,farm
2,76.6,473271448,Lysøysundet,Trøndelag,2040840,,,150.0,text,132,,,,sjø nevnt,elv/vann,land-est,https://www.finn.no/realestate/homes/ad.html?finnkode=473271448,farm
3,71.7,476965604,Harøy,Møre og Romsdal,1846090,100.0,33.0,,text,371,,,,strandlinje/naust,elv/vann,land-est reno,https://www.finn.no/realestate/homes/ad.html?finnkode=476965604,farm
4,71.4,469330058,Lyngstad,Møre og Romsdal,2348600,71.0,71.0,35.0,text,163,5.1,5.5,8.0,-,elv/vann,land-est reno,https://www.finn.no/realestate/homes/ad.html?finnkode=469330058,house
5,70.9,468698212,Farstad,Møre og Romsdal,2553640,145.0,47.0,61.0,text,176,,,,-,elv/vann,land-est reno,https://www.finn.no/realestate/homes/ad.html?finnkode=468698212,farm
6,70.7,467203422,Lysøysundet,Trøndelag,2564277,252.0,,,text,135,,,,strandlinje/naust,elv/vann,land-est,https://www.finn.no/realestate/homes/ad.html?finnkode=467203422,farm
7,70.4,460136298,Indre Nærøy,Trøndelag,1150000,245.0,78.5,5.4,nibio,387,3.5,1.3,9.0,strandlinje/naust,elv/vann,reno,https://www.finn.no/realestate/homes/ad.html?finnkode=460136298,farm
8,69.5,355528659,Bangsund,Trøndelag,2300000,133.0,,,text,264,,,,strandlinje/naust,elv/vann,land-est reno,https://www.finn.no/realestate/homes/ad.html?finnkode=355528659,house
9,69.4,410667565,Vågland,Trøndelag,2345000,,19.0,,text,85,,,,strandlinje/naust,elv/vann,land-est reno,https://www.finn.no/realestate/homes/ad.html?finnkode=410667565,farm
10,69.0,475687022,Kvisvik,Møre og Romsdal,2802000,,,,text,125,,,,strandlinje/naust,elv/vann,land-est,https://www.finn.no/realestate/homes/ad.html?finnkode=475687022,farm
11,68.4,475576893,Rendalen,Innlandet,3798590,411.0,144.0,201.0,text,220,,,,sjø nevnt,elv/vann,land-est reno,https://www.finn.no/realestate/homes/ad.html?finnkode=475576893,farm
12,68.2,469251867,Lysøysundet,Trøndelag,1528340,11.0,,,text,132,10.5,3.4,27.0,sjø nevnt,elv/vann,land-est reno,https://www.finn.no/realestate/homes/ad.html?finnkode=469251867,house
13,68.2,472124111,Frosta,Trøndelag,1487340,27.0,25.3,0.2,nibio,158,1.7,1.4,22.0,strandlinje/naust,elv/vann,,https://www.finn.no/realestate/homes/ad.html?finnkode=472124111,farm
14,67.7,471410488,Vihals,Møre og Romsdal,2143640,9.0,,,text,128,10.0,2.5,16.0,strandlinje/naust,elv/vann,land-est BAD-VÅTROM TG3-HEAVY,https://www.finn.no/realestate/homes/ad.html?finnkode=471410488,house
15,67.0,428653800,Kjeldebotn,Nordland,1144750,134.0,11.9,103.3,nibio,943,2.0,4.7,12.0,strandlinje/naust,elv/vann,,https://www.finn.no/realestate/homes/ad.html?finnkode=428653800,farm
16,67.0,301203578,Lindesnes,Agder,2017840,376.0,,375.0,text,858,,,,strandlinje/naust,elv/vann,land-est,https://www.finn.no/realestate/homes/ad.html?finnkode=301203578,farm
17,66.9,457326307,Lesund,Møre og Romsdal,2287140,10.0,,,text,129,11.6,0.9,22.0,sjø nevnt,elv/vann,land-est reno,https://www.finn.no/realestate/homes/ad.html?finnkode=457326307,farm
18,66.7,449805105,Dyrvik,Trøndelag,1641090,13.0,,,text,157,8.5,0.9,23.0,-,elv/vann,land-est reno,https://www.finn.no/realestate/homes/ad.html?finnkode=449805105,house
19,66.7,475820070,Smøla,Møre og Romsdal,2563590,444.0,,,text,177,,,,-,elv/vann,land-est,https://www.finn.no/realestate/homes/ad.html?finnkode=475820070,farm
20,66.7,475458624,Vanvikan,Trøndelag,2358590,91.0,,,text,115,,,,sjø nevnt,elv/vann,land-est,https://www.finn.no/realestate/homes/ad.html?finnkode=475458624,house
21,66.5,311146765,Agdenes,Trøndelag,1845000,2.0,,,text,102,16.3,0.0,24.0,strandlinje/naust,elv/vann,land-est reno,https://www.finn.no/realestate/homes/ad.html?finnkode=311146765,farm
22,66.4,466566362,Halsanaustan,Trøndelag,823590,5.0,,,text,88,16.0,9.5,104.0,strandlinje/naust,elv/vann,land-est reno,https://www.finn.no/realestate/homes/ad.html?finnkode=466566362,house
23,66.4,476788515,Kjørsvikbugen,Møre og Romsdal,3168340,53.0,,,text,119,,,,strandlinje/naust,elv/vann,land-est reno,https://www.finn.no/realestate/homes/ad.html?finnkode=476788515,house
24,66.1,349756784,Vistdal,Møre og Romsdal,2115240,152.0,20.0,115.2,nibio,158,13.5,18.7,124.0,-,elv/vann,WINTER-SHADE,https://www.finn.no/realestate/homes/ad.html?finnkode=349756784,farm
25,65.7,474540774,Mosvik,Trøndelag,1835840,76.0,9.9,56.8,nibio,223,15.9,1.0,120.0,sjø nevnt,elv/vann,,https://www.finn.no/realestate/homes/ad.html?finnkode=474540774,farm
26,65.5,420640875,Ålen,Trøndelag,1118340,188.0,26.1,86.0,nibio,144,25.0,7.4,428.0,-,elv/vann,TG3-HEAVY,https://www.finn.no/realestate/homes/ad.html?finnkode=420640875,farm
27,65.2,477144785,Bardu,Troms,872340,3260.0,,3260.0,text,1038,,,,strandlinje/naust,elv/vann,land-est,https://www.finn.no/realestate/homes/ad.html?finnkode=477144785,farm
28,65.1,473138516,Ansnes,Trøndelag,1999840,92.0,,,text,125,9.8,2.2,19.0,sjø nevnt,elv/vann,land-est reno BAD-VÅTROM,https://www.finn.no/realestate/homes/ad.html?finnkode=473138516,house
29,64.8,477022491,Uvdal,Buskerud,1436090,204.0,,200.0,text,500,,,,-,elv/vann,land-est reno,https://www.finn.no/realestate/homes/ad.html?finnkode=477022491,farm
30,64.8,474767311,Råkvåg,Trøndelag,3024840,14.0,,,text,153,,,,strandlinje/naust,elv/vann,land-est,https://www.finn.no/realestate/homes/ad.html?finnkode=474767311,house
31,64.7,467122671,Ålen,Trøndelag,2450840,331.0,330.0,115.0,text,154,,,,-,elv/vann,land-est reno road-fee,https://www.finn.no/realestate/homes/ad.html?finnkode=467122671,farm
32,64.6,474573639,Mittet,Møre og Romsdal,2553340,589.0,,,text,176,,,,sjø nevnt,elv/vann,land-est,https://www.finn.no/realestate/homes/ad.html?finnkode=474573639,farm
33,63.7,476643025,Midsund,Møre og Romsdal,2819840,4.0,,,text,209,,,,strandlinje/naust,elv/vann,land-est,https://www.finn.no/realestate/homes/ad.html?finnkode=476643025,farm
34,63.7,468145058,Hestvika,Trøndelag,2450840,14.0,,,text,110,,,,-,elv/vann,land-est reno,https://www.finn.no/realestate/homes/ad.html?finnkode=468145058,house
35,63.6,469923994,Mindlandet,Nordland,2158085,172.0,,,text,578,,,,strandlinje/naust,bekk/vassdrag,land-est reno,https://www.finn.no/realestate/homes/ad.html?finnkode=469923994,farm
36,63.5,385752750,Harran,Trøndelag,1500000,22.0,,,text,298,1.1,3.0,79.0,strandlinje/naust,elv/vann,land-est,https://www.finn.no/realestate/homes/ad.html?finnkode=385752750,farm
37,63.4,356020678,Brekstad,Trøndelag,2563590,51.0,,,text,104,,,,-,elv/vann,land-est reno,https://www.finn.no/realestate/homes/ad.html?finnkode=356020678,farm
38,63.2,476050011,Smøla,Møre og Romsdal,4613590,206.0,,,text,187,,,,strandlinje/naust,elv/vann,land-est,https://www.finn.no/realestate/homes/ad.html?finnkode=476050011,farm
39,63.1,436086225,Smøla,65,1950000,9.0,,,text,193,8.3,0.0,-20.0,strandlinje/naust,elv/vann,land-est reno,https://www.finn.no/realestate/homes/ad.html?finnkode=436086225,house
40,63.1,445777037,Lindesnes,Agder,925785,241.0,,,text,856,6.4,7.9,92.0,strandlinje/naust,elv/vann,land-est,https://www.finn.no/realestate/homes/ad.html?finnkode=445777037,house
41,62.9,476131238,Braskereidfoss,Innlandet,1947500,132.0,60.0,60.0,text,351,4.8,4.9,205.0,-,elv/vann,land-est,https://www.finn.no/realestate/homes/ad.html?finnkode=476131238,farm
42,62.9,466053264,Uggdal,Vestland,2051090,268.0,,,text,684,,,,strandlinje/naust,elv/vann,land-est,https://www.finn.no/realestate/homes/ad.html?finnkode=466053264,farm
43,62.8,417962148,Vega,Nordland,2409840,249.0,,,text,532,,,,strandlinje/naust,elv/vann,land-est reno,https://www.finn.no/realestate/homes/ad.html?finnkode=417962148,farm
44,62.8,465708748,Husbysjøen,Trøndelag,3486090,114.0,,,text,149,,,,sjø nevnt,elv/vann,land-est,https://www.finn.no/realestate/homes/ad.html?finnkode=465708748,farm
45,62.8,473264029,Vinje,Telemark,3588590,356.0,16.0,198.0,text,676,,,,strandlinje/naust,elv/vann,land-est reno,https://www.finn.no/realestate/homes/ad.html?finnkode=473264029,farm
46,62.6,474542996,Storvik,Nordland,2045840,177.0,,,text,839,,,,strandlinje/naust,elv/vann,land-est reno,https://www.finn.no/realestate/homes/ad.html?finnkode=474542996,farm
47,62.5,473772466,Orkanger,Trøndelag,1794840,110.0,,110.0,text,44,31.4,15.0,75.0,-,elv/vann,land-est STEEP WINTER-SHADE road-fee,https://www.finn.no/realestate/homes/ad.html?finnkode=473772466,farm
48,62.5,475518116,Skodje,Møre og Romsdal,3486090,34.0,,,text,300,,,,strandlinje/naust,elv/vann,land-est reno,https://www.finn.no/realestate/homes/ad.html?finnkode=475518116,house
49,62.3,469995524,Rissa,Trøndelag,2050060,6.0,,,text,132,,,,-,elv/vann,land-est,https://www.finn.no/realestate/homes/ad.html?finnkode=469995524,farm
50,62.2,468468311,Skodje,Møre og Romsdal,2973590,92.0,,,text,305,,,,sjø nevnt,elv/vann,land-est reno,https://www.finn.no/realestate/homes/ad.html?finnkode=468468311,farm
51,62.2,475912239,Leksvik,Trøndelag,2799640,39.0,,,text,142,,,,-,elv/vann,land-est,https://www.finn.no/realestate/homes/ad.html?finnkode=475912239,farm
52,62.2,473322165,Eidsvåg i Romsdal,Møre og Romsdal,2040840,32.0,31.0,4.0,text,124,3.7,6.7,56.0,-,elv/vann,land-est reno BAD-VÅTROM,https://www.finn.no/realestate/homes/ad.html?finnkode=473322165,house
53,62.2,297876802,Storås,Trøndelag,1848737,4.0,,,text,17,2.6,8.1,128.0,-,elv/vann,land-est reno,https://www.finn.no/realestate/homes/ad.html?finnkode=297876802,farm
54,62.0,476392471,Engerdal,Innlandet,2417650,236.0,,,text,266,,,,sjø nevnt,elv/vann,land-est,https://www.finn.no/realestate/homes/ad.html?finnkode=476392471,farm
55,61.9,424250389,Veitastrond,Vestland,2048590,215.0,,,text,413,,,,-,elv/vann,land-est,https://www.finn.no/realestate/homes/ad.html?finnkode=424250389,farm
56,61.5,473993975,Mosvik,Trøndelag,2102340,8.0,,,text,209,,,,sjø nevnt,elv/vann,land-est,https://www.finn.no/realestate/homes/ad.html?finnkode=473993975,house
57,61.2,476618265,Budalen,Trøndelag,3537340,,,,text,114,,,,-,elv/vann,land-est,https://www.finn.no/realestate/homes/ad.html?finnkode=476618265,farm
58,61.2,464235480,Jerpstad,Trøndelag,605840,62.0,1.1,25.9,nibio,36,9.7,8.2,533.0,-,elv/vann,LOW-ARABLE reno,https://www.finn.no/realestate/homes/ad.html?finnkode=464235480,farm
59,61.1,473049581,Vuku,Trøndelag,2051090,11.0,11.0,6.0,text,191,,,,-,elv/vann,land-est,https://www.finn.no/realestate/homes/ad.html?finnkode=473049581,house
60,60.9,476406700,Gjerstad,Agder,1220840,242.0,0.0,198.7,nibio,695,14.8,8.8,234.0,sjø nevnt,elv/vann,LOW-ARABLE,https://www.finn.no/realestate/homes/ad.html?finnkode=476406700,farm
61,60.9,476684559,Kongsvik,Troms,1528340,239.0,,,text,1074,,,,sjø nevnt,elv/vann,land-est,https://www.finn.no/realestate/homes/ad.html?finnkode=476684559,farm
62,60.9,471408971,Hol i Tjeldsund,Troms,2563590,284.0,,,text,1073,,,,strandlinje/naust,elv/vann,land-est reno,https://www.finn.no/realestate/homes/ad.html?finnkode=471408971,house
63,60.9,467973698,Halsa,Nordland,2666090,,,500.0,text,915,,,,strandlinje/naust,elv/vann,land-est,https://www.finn.no/realestate/homes/ad.html?finnkode=467973698,farm
64,60.9,397566103,Storestandal,Møre og Romsdal,3988590,413.0,,,text,349,,,,strandlinje/naust,elv/vann,land-est,https://www.finn.no/realestate/homes/ad.html?finnkode=397566103,farm
65,60.7,476843297,Kvaløya,Troms,2000100,149.0,,,text,1215,,,,strandlinje/naust,elv/vann,land-est reno,https://www.finn.no/realestate/homes/ad.html?finnkode=476843297,farm
66,60.7,475976360,Hemnskjela,Trøndelag,2576490,,,25.0,text,96,,,,sjø nevnt,elv/vann,land-est,https://www.finn.no/realestate/homes/ad.html?finnkode=475976360,farm
67,60.6,468153599,Terråk,Nordland,1323340,51.0,,,text,371,17.8,10.8,32.0,strandlinje/naust,elv/vann,land-est reno,https://www.finn.no/realestate/homes/ad.html?finnkode=468153599,house
68,60.5,474078575,Sande i Sunnfjord,Vestland,2054800,281.0,,,text,530,,,,sjø nevnt,elv/vann,land-est reno,https://www.finn.no/realestate/homes/ad.html?finnkode=474078575,farm
69,60.3,475313132,Drevsjø,Innlandet,1948890,37.0,,,text,268,1.0,4.5,670.0,strandlinje/naust,elv/vann,land-est reno BAD-VÅTROM,https://www.finn.no/realestate/homes/ad.html?finnkode=475313132,house
70,60.2,468604662,Fåvang,Innlandet,2563590,12.0,,,text,269,,,,strandlinje/naust,elv/vann,land-est,https://www.finn.no/realestate/homes/ad.html?finnkode=468604662,house
71,60.2,475969154,Sekken,Møre og Romsdal,2987390,6.0,,,text,197,,,,sjø nevnt,elv/vann,land-est,https://www.finn.no/realestate/homes/ad.html?finnkode=475969154,house
72,60.1,475831520,Bøstad,Nordland,2563590,291.0,,,text,1061,,,,strandlinje/naust,elv/vann,land-est reno,https://www.finn.no/realestate/homes/ad.html?finnkode=475831520,house
73,60.1,425625721,Neverdal,Nordland,2153590,132.0,,,text,866,,,,strandlinje/naust,elv/vann,land-est reno,https://www.finn.no/realestate/homes/ad.html?finnkode=425625721,farm
74,60.0,469440153,- Engesvollen.,Trøndelag,2410140,2967.0,2.0,2.0,text,178,,,,strandlinje/naust,elv/vann,LOW-ARABLE land-est,https://www.finn.no/realestate/homes/ad.html?finnkode=469440153,farm
75,59.9,476375061,Dokka,Innlandet,616390,46.0,,44.0,text,366,22.2,4.8,178.0,strandlinje/naust,elv/vann,land-est,https://www.finn.no/realestate/homes/ad.html?finnkode=476375061,house
76,59.7,475873889,Vega,Nordland,2204840,76.0,,,text,540,,,,strandlinje/naust,elv/vann,land-est reno road-fee,https://www.finn.no/realestate/homes/ad.html?finnkode=475873889,house
77,59.7,475178028,Meløy,Nordland,2833740,492.0,,492.0,text,871,3.5,0.7,22.0,strandlinje/naust,elv/vann,land-est reno,https://www.finn.no/realestate/homes/ad.html?finnkode=475178028,farm
78,59.5,443567563,Halsanaustan,Trøndelag,769840,8.0,,,text,92,27.3,8.8,45.0,strandlinje/naust,elv/vann,land-est STEEP reno BAD-VÅTROM TG3-HEAVY,https://www.finn.no/realestate/homes/ad.html?finnkode=443567563,house
79,59.4,467677544,Fevåg,Trøndelag,667340,5.0,0.0,0.0,nibio,139,12.0,1.4,15.0,sjø nevnt,elv/vann,LOW-ARABLE reno road-fee,https://www.finn.no/realestate/homes/ad.html?finnkode=467677544,farm
80,59.4,443583241,kvm - Regulert til boligformål,Møre og Romsdal,2563590,6.0,,,text,203,,,,-,elv/vann,land-est reno,https://www.finn.no/realestate/homes/ad.html?finnkode=443583241,house
81,59.3,376844704,Stongfjorden,Vestland,2684090,184.0,,,text,558,,,,strandlinje/naust,elv/vann,land-est reno,https://www.finn.no/realestate/homes/ad.html?finnkode=376844704,farm
82,59.2,467294160,Bangsund,Trøndelag,3844840,489.0,,,text,271,,,,strandlinje/naust,elv/vann,land-est,https://www.finn.no/realestate/homes/ad.html?finnkode=467294160,farm
83,59.0,467480104,Steinkjer,Trøndelag,1836140,5.0,,,text,238,8.2,5.8,63.0,sjø nevnt,elv/vann,land-est reno BAD-VÅTROM,https://www.finn.no/realestate/homes/ad.html?finnkode=467480104,house
84,59.0,476716806,Dokka,Innlandet,1948590,216.0,35.0,147.0,text,358,34.4,14.5,798.0,-,elv/vann,land-est STEEP reno road-fee,https://www.finn.no/realestate/homes/ad.html?finnkode=476716806,farm
85,58.6,466763238,Sundøya,Nordland,1384840,37.0,,,text,524,5.2,6.7,63.0,strandlinje/naust,elv/vann,land-est BAD-VÅTROM,https://www.finn.no/realestate/homes/ad.html?finnkode=466763238,house
86,58.5,473054867,Leirvik i Sogn,Vestland,3090050,331.0,,,text,570,,,,strandlinje/naust,elv/vann,land-est reno,https://www.finn.no/realestate/homes/ad.html?finnkode=473054867,farm
87,58.4,473333678,Myklebust,Møre og Romsdal,1795100,107.0,25.0,0.0,nibio,363,3.2,5.7,11.0,-,elv/vann,reno BAD-VÅTROM,https://www.finn.no/realestate/homes/ad.html?finnkode=473333678,farm
88,58.4,436987165,Straumsjøen,Nordland,1999840,89.0,,,text,1029,0.7,6.9,8.0,strandlinje/naust,elv/vann,land-est reno BAD-VÅTROM,https://www.finn.no/realestate/homes/ad.html?finnkode=436987165,house
89,58.4,476612002,Manger,Vestland,2245840,52.0,,,text,636,,,,strandlinje/naust,elv/vann,land-est,https://www.finn.no/realestate/homes/ad.html?finnkode=476612002,farm
90,58.3,472090363,Foldrøyhamn,Vestland,411090,30.0,,,text,722,4.9,0.8,30.0,sjø nevnt,bekk/vassdrag,land-est reno,https://www.finn.no/realestate/homes/ad.html?finnkode=472090363,house
91,58.2,476102695,Slettås,Innlandet,708340,92.0,,,text,315,1.6,0.0,562.0,-,elv/vann,land-est reno,https://www.finn.no/realestate/homes/ad.html?finnkode=476102695,house
92,58.1,468419268,Hokkåsen,Innlandet,3065840,101.0,,,text,417,,,,strandlinje/naust,elv/vann,land-est,https://www.finn.no/realestate/homes/ad.html?finnkode=468419268,farm
93,58.1,477507645,Nord-Torpa,Innlandet,2973890,180.0,,180.0,text,356,20.1,5.2,645.0,-,elv/vann,land-est,https://www.finn.no/realestate/homes/ad.html?finnkode=477507645,farm
94,58.1,475275627,Koppang,Innlandet,1425840,53.0,26.7,17.1,nibio,247,4.0,2.5,273.0,-,elv/vann,,https://www.finn.no/realestate/homes/ad.html?finnkode=475275627,farm
95,57.8,469440662,Sundebru,Agder,1641350,131.0,,,text,680,7.4,1.5,233.0,-,elv/vann,land-est,https://www.finn.no/realestate/homes/ad.html?finnkode=469440662,house
96,57.8,474757947,Atløy,Vestland,1641292,270.0,,269.0,text,565,10.6,18.3,28.0,-,elv/vann,land-est WINTER-SHADE reno,https://www.finn.no/realestate/homes/ad.html?finnkode=474757947,house
97,57.7,475167699,Singsås,Trøndelag,3578340,433.0,433.0,,text,97,,,,-,elv/vann,land-est,https://www.finn.no/realestate/homes/ad.html?finnkode=475167699,farm
98,57.7,475541991,Årdal i Ryfylke,Rogaland,2563890,77.0,,57.0,text,758,,,,strandlinje/naust,elv/vann,land-est road-fee,https://www.finn.no/realestate/homes/ad.html?finnkode=475541991,farm
99,57.6,430857754,Ottersøy,Trøndelag,2245840,116.0,22.0,6.0,text,388,,,,-,elv/vann,land-est,https://www.finn.no/realestate/homes/ad.html?finnkode=430857754,farm
100,57.2,475855755,Dokka,Innlandet,1128890,8.0,,,text,365,21.0,7.0,141.0,strandlinje/naust,elv/vann,land-est reno,https://www.finn.no/realestate/homes/ad.html?finnkode=475855755,house
101,57.1,475873934,Kvitnes,Nordland,1552240,9.0,,,text,985,19.6,4.5,26.0,strandlinje/naust,elv/vann,land-est,https://www.finn.no/realestate/homes/ad.html?finnkode=475873934,house
102,57.0,413279463,Lena,Innlandet,500000,6.0,,,text,366,3.3,2.0,231.0,sjø nevnt,elv/vann,land-est,https://www.finn.no/realestate/homes/ad.html?finnkode=413279463,house
103,56.8,475979121,Inndyr,Nordland,1528340,15.0,,,text,828,5.1,6.4,24.0,strandlinje/naust,elv/vann,land-est BAD-VÅTROM,https://www.finn.no/realestate/homes/ad.html?finnkode=475979121,house
104,56.8,464143373,Bø i Telemark,Telemark,2871090,24.0,20.0,,text,607,,,,strandlinje/naust,elv/vann,land-est reno,https://www.finn.no/realestate/homes/ad.html?finnkode=464143373,farm
105,56.7,475283450,Lyngseidet,Troms,1282340,25.0,,,text,1209,24.3,0.0,18.0,strandlinje/naust,elv/vann,land-est reno,https://www.finn.no/realestate/homes/ad.html?finnkode=475283450,house
106,56.6,401209430,Trofors,Nordland,550000,24.0,,,text,412,8.2,10.8,144.0,sjø nevnt,elv/vann,land-est,https://www.finn.no/realestate/homes/ad.html?finnkode=401209430,house
107,56.6,464864606,Flatråker,Vestland,2450295,16.0,,,text,686,,,,strandlinje/naust,elv/vann,land-est,https://www.finn.no/realestate/homes/ad.html?finnkode=464864606,house
108,56.6,468411674,Vannvåg,Troms,1967050,106.0,,,text,1290,12.5,1.0,6.0,strandlinje/naust,elv/vann,land-est reno BAD-VÅTROM,https://www.finn.no/realestate/homes/ad.html?finnkode=468411674,house
109,56.5,474548983,Elnesvågen,Møre og Romsdal,2321140,9.0,,,text,176,14.0,10.8,27.0,-,elv/vann,land-est reno BAD-VÅTROM,https://www.finn.no/realestate/homes/ad.html?finnkode=474548983,house
110,56.5,466362101,Farstad,Møre og Romsdal,3435385,19.0,8.0,8.0,text,176,,,,-,elv/vann,land-est,https://www.finn.no/realestate/homes/ad.html?finnkode=466362101,house
111,56.4,415359177,Haltdalen,73,530001,22.0,,,text,129,7.9,12.5,268.0,-,elv/vann,land-est,https://www.finn.no/realestate/homes/ad.html?finnkode=415359177,house
112,56.4,455741590,Gibostad,Troms,2068280,15.0,,,text,1136,,,,strandlinje/naust,elv/vann,land-est reno,https://www.finn.no/realestate/homes/ad.html?finnkode=455741590,house
113,56.3,457049923,Velfjord,Nordland,1487340,43.0,0.0,36.5,nibio,462,6.1,9.4,126.0,sjø nevnt,bekk/vassdrag,LOW-ARABLE road-fee,https://www.finn.no/realestate/homes/ad.html?finnkode=457049923,farm
114,56.1,455103396,Langfjordbotn,Finnmark,2758340,120.0,,,text,1551,,,,strandlinje/naust,elv/vann,land-est,https://www.finn.no/realestate/homes/ad.html?finnkode=455103396,house
115,56.1,465587427,Vega,Nordland,2922340,104.0,,,text,549,,,,strandlinje/naust,elv/vann,land-est,https://www.finn.no/realestate/homes/ad.html?finnkode=465587427,farm
116,56.0,474830340,Disenå,Innlandet,1846090,116.0,,86.0,text,440,6.1,5.3,335.0,-,elv/vann,land-est reno TG3-HEAVY,https://www.finn.no/realestate/homes/ad.html?finnkode=474830340,farm
117,56.0,477261803,Drangedal,Telemark,1323640,11.0,,,text,688,,,,-,elv/vann,land-est reno,https://www.finn.no/realestate/homes/ad.html?finnkode=477261803,farm
118,56.0,475438557,Vik i Sogn,Vestland,913340,207.0,8.8,98.1,nibio,464,58.7,19.3,58.0,strandlinje/naust,elv/vann,STEEP WINTER-SHADE,https://www.finn.no/realestate/homes/ad.html?finnkode=475438557,farm
119,55.9,473870317,Leirfjord,Nordland,2245840,29.0,,,text,513,,,,sjø nevnt,elv/vann,land-est reno,https://www.finn.no/realestate/homes/ad.html?finnkode=473870317,house
120,55.9,475966797,Åsvang,Innlandet,1128590,28.0,,,text,356,2.5,2.1,372.0,-,elv/vann,land-est reno,https://www.finn.no/realestate/homes/ad.html?finnkode=475966797,house
121,55.8,399785558,Heradsbygd,Innlandet,1541090,22.0,,,text,344,0.4,2.8,228.0,-,elv/vann,land-est reno,https://www.finn.no/realestate/homes/ad.html?finnkode=399785558,house
122,55.6,424440806,Bjørke,Møre og Romsdal,4780240,,,,text,369,,,,strandlinje/naust,elv/vann,land-est,https://www.finn.no/realestate/homes/ad.html?finnkode=424440806,farm
123,55.5,476679723,Saltstraumen,Nordland,2553340,172.0,,,text,781,,,,-,elv/vann,land-est,https://www.finn.no/realestate/homes/ad.html?finnkode=476679723,farm
124,55.5,476452323,Gjesåsen,Innlandet,647140,52.0,,48.0,text,380,8.6,5.1,222.0,-,elv/vann,land-est,https://www.finn.no/realestate/homes/ad.html?finnkode=476452323,house
125,55.3,476623521,Egersund,Rogaland,2963340,102.0,,,text,894,,,,strandlinje/naust,elv/vann,land-est,https://www.finn.no/realestate/homes/ad.html?finnkode=476623521,farm
126,55.2,376754442,Hansnes,Troms,737050,457.0,,,text,1281,9.3,16.3,6.0,strandlinje/naust,elv/vann,land-est WINTER-SHADE,https://www.finn.no/realestate/homes/ad.html?finnkode=376754442,house
127,55.0,475465429,Våler i Solør,Innlandet,605840,17.0,,,text,366,9.5,0.0,205.0,-,elv/vann,land-est reno,https://www.finn.no/realestate/homes/ad.html?finnkode=475465429,farm
128,55.0,465703822,Laksvatn,Troms,3742600,377.0,,,text,1164,,,,strandlinje/naust,elv/vann,land-est reno,https://www.finn.no/realestate/homes/ad.html?finnkode=465703822,farm
129,55.0,467709596,Tana,Finnmark,564295,,,,text,1567,15.6,5.4,43.0,sjø nevnt,elv/vann,land-est reno,https://www.finn.no/realestate/homes/ad.html?finnkode=467709596,farm
130,54.9,465827656,Auklandshamn,Vestland,2655840,9.0,,,text,732,,,,strandlinje/naust,elv/vann,land-est,https://www.finn.no/realestate/homes/ad.html?finnkode=465827656,house
131,54.8,466444841,Bøvågen,Vestland,3281090,89.0,,,text,638,,,,strandlinje/naust,elv/vann,land-est,https://www.finn.no/realestate/homes/ad.html?finnkode=466444841,farm
132,54.8,427635750,Lundenes,Troms,1948085,18.0,,,text,1094,0.9,9.6,4.0,strandlinje/naust,elv/vann,land-est WINTER-SHADE reno,https://www.finn.no/realestate/homes/ad.html?finnkode=427635750,house
133,54.4,464454931,Tuddal,Telemark,2246140,480.0,,,text,622,,,,-,elv/vann,land-est reno,https://www.finn.no/realestate/homes/ad.html?finnkode=464454931,farm
134,54.3,474071722,Rindalsskogen,Trøndelag,667340,5.0,2.0,0.0,nibio,17,14.6,11.3,295.0,-,elv/vann,LOW-ARABLE reno road-fee TG3-HEAVY,https://www.finn.no/realestate/homes/ad.html?finnkode=474071722,farm
135,54.3,475976093,Lunner,Akershus,1026090,67.0,45.3,11.8,nibio,416,4.1,4.1,379.0,-,elv/vann,reno BAD-VÅTROM,https://www.finn.no/realestate/homes/ad.html?finnkode=475976093,farm
136,54.1,464376719,Fosslandsosen,Trøndelag,1897340,13.0,,,text,305,13.3,22.2,26.0,-,elv/vann,land-est WINTER-SHADE,https://www.finn.no/realestate/homes/ad.html?finnkode=464376719,house
137,54.0,464337117,Førde i Hordaland,Vestland,3080500,46.0,,,text,724,,,,strandlinje/naust,elv/vann,land-est reno,https://www.finn.no/realestate/homes/ad.html?finnkode=464337117,farm
138,54.0,464983010,Naustdal,Vestland,923850,43.0,12.8,19.1,nibio,528,31.8,10.1,219.0,strandlinje/naust,bekk/vassdrag,STEEP reno,https://www.finn.no/realestate/homes/ad.html?finnkode=464983010,farm
139,54.0,468180497,Dønna,Nordland,1180100,18.0,,,text,541,14.1,8.4,19.0,sjø nevnt,elv/vann,land-est reno,https://www.finn.no/realestate/homes/ad.html?finnkode=468180497,house
140,53.9,476099750,Dverberg,Nordland,1538590,794.0,,,text,1045,3.5,0.7,7.0,sjø nevnt,elv/vann,land-est reno BAD-VÅTROM,https://www.finn.no/realestate/homes/ad.html?finnkode=476099750,farm
141,53.8,380330192,Hernes,Innlandet,1000000,5.0,,,text,320,1.5,2.3,344.0,-,elv/vann,land-est,https://www.finn.no/realestate/homes/ad.html?finnkode=380330192,house
142,53.7,471069427,Sortland,Nordland,718590,321.0,,,text,985,7.2,15.3,34.0,sjø nevnt,elv/vann,land-est WINTER-SHADE reno BAD-VÅTROM TG3-HEAVY,https://www.finn.no/realestate/homes/ad.html?finnkode=471069427,house
143,53.6,395869579,Karasjok,97,3696090,168.0,,,text,1474,,,,strandlinje/naust,elv/vann,land-est,https://www.finn.no/realestate/homes/ad.html?finnkode=395869579,farm
144,53.5,475804613,Rørvik,Trøndelag,3988340,8.0,,,text,414,,,,strandlinje/naust,elv/vann,land-est,https://www.finn.no/realestate/homes/ad.html?finnkode=475804613,house
145,53.3,362005029,Leirvik i Sogn,Vestland,1281250,8.0,,,text,573,7.8,14.2,89.0,strandlinje/naust,elv/vann,land-est reno,https://www.finn.no/realestate/homes/ad.html?finnkode=362005029,house
146,53.1,472119208,Nordfold,Nordland,1015840,25.0,,,text,901,11.8,9.7,14.0,strandlinje/naust,elv/vann,land-est WINTER-SHADE reno BAD-VÅTROM,https://www.finn.no/realestate/homes/ad.html?finnkode=472119208,house
147,53.0,465020062,Silsand,Troms,821090,185.0,0.0,29.5,nibio,1127,10.7,3.6,18.0,strandlinje/naust,elv/vann,LOW-ARABLE reno BAD-VÅTROM,https://www.finn.no/realestate/homes/ad.html?finnkode=465020062,farm
148,52.9,475987647,Meråker,Trøndelag,1015840,7.0,,,text,158,12.6,21.9,95.0,-,elv/vann,land-est WINTER-SHADE BAD-VÅTROM,https://www.finn.no/realestate/homes/ad.html?finnkode=475987647,house
149,52.9,473648025,Ulvsvåg,Nordland,1641090,17.0,,,text,876,9.1,0.0,51.0,sjø nevnt,elv/vann,land-est BAD-VÅTROM,https://www.finn.no/realestate/homes/ad.html?finnkode=473648025,house
150,52.7,472017495,Jordet,Innlandet,828900,5.0,,,text,297,3.4,8.7,455.0,-,elv/vann,land-est reno,https://www.finn.no/realestate/homes/ad.html?finnkode=472017495,house
151,52.6,472374565,Rena,Innlandet,1590140,13.0,,,text,300,4.3,1.5,316.0,-,elv/vann,land-est reno BAD-VÅTROM,https://www.finn.no/realestate/homes/ad.html?finnkode=472374565,house
152,52.5,477282236,Ballangen,Nordland,2871090,3288.0,,,text,928,9.5,5.7,16.0,strandlinje/naust,elv/vann,land-est reno,https://www.finn.no/realestate/homes/ad.html?finnkode=477282236,farm
153,52.5,357150286,Tranøy,Nordland,627800,5.0,,,text,902,3.9,1.1,17.0,sjø nevnt,elv/vann,land-est,https://www.finn.no/realestate/homes/ad.html?finnkode=357150286,house
154,52.2,355847711,Moldjord,81,750000,147.0,147.0,,text,748,19.9,12.0,11.0,-,elv/vann,land-est WINTER-SHADE,https://www.finn.no/realestate/homes/ad.html?finnkode=355847711,farm
155,52.1,473268523,Bagn,Innlandet,1733640,270.0,,,text,389,26.7,5.4,432.0,-,elv/vann,land-est STEEP reno BAD-VÅTROM,https://www.finn.no/realestate/homes/ad.html?finnkode=473268523,farm
156,52.0,460126018,Rugsund,Vestland,3037540,1316.0,,,text,474,23.2,4.4,18.0,strandlinje/naust,elv/vann,land-est,https://www.finn.no/realestate/homes/ad.html?finnkode=460126018,farm
157,51.9,475499104,Grinder,Innlandet,1333590,12.0,,,text,397,0.2,0.7,160.0,-,elv/vann,land-est reno BAD-VÅTROM,https://www.finn.no/realestate/homes/ad.html?finnkode=475499104,farm
158,51.9,439328840,Braskereidfoss,Innlandet,1733640,19.0,,,text,359,2.7,1.7,205.0,-,elv/vann,land-est BAD-VÅTROM,https://www.finn.no/realestate/homes/ad.html?finnkode=439328840,house
159,51.7,474643619,Barekstad,Vestland,1501300,21.0,,,text,552,28.7,7.0,15.0,strandlinje/naust,elv/vann,land-est STEEP reno BAD-VÅTROM,https://www.finn.no/realestate/homes/ad.html?finnkode=474643619,farm
160,51.6,461976533,Utskarpen,Nordland,1966590,25.0,,,text,590,15.5,10.9,17.0,strandlinje/naust,elv/vann,land-est WINTER-SHADE,https://www.finn.no/realestate/homes/ad.html?finnkode=461976533,house
161,51.6,471316257,Sagstua,Innlandet,1743590,8.0,,8.0,text,402,7.7,4.4,176.0,sjø nevnt,elv/vann,land-est reno BAD-VÅTROM,https://www.finn.no/realestate/homes/ad.html?finnkode=471316257,house
162,51.5,419923473,Koppang,Innlandet,1631140,6.0,,,text,248,4.0,2.1,277.0,-,elv/vann,land-est BAD-VÅTROM,https://www.finn.no/realestate/homes/ad.html?finnkode=419923473,house
163,51.4,473025763,Koppang,Innlandet,993590,6.0,,,text,266,15.7,8.3,259.0,-,elv/vann,land-est reno,https://www.finn.no/realestate/homes/ad.html?finnkode=473025763,house
164,51.3,473993348,Ballangen,Nordland,2973590,6.0,,,text,944,,,,strandlinje/naust,elv/vann,land-est,https://www.finn.no/realestate/homes/ad.html?finnkode=473993348,house
165,51.3,474203425,Kokelv,Finnmark,124090,8.0,,,text,1604,14.7,4.7,50.0,-,elv/vann,land-est reno,https://www.finn.no/realestate/homes/ad.html?finnkode=474203425,house
166,51.1,475740389,Bogen i Ofoten,Nordland,2922340,6.0,,,text,1020,,,,strandlinje/naust,elv/vann,land-est,https://www.finn.no/realestate/homes/ad.html?finnkode=475740389,house
167,50.7,454487275,Jøvika,Troms,1527250,169.0,4.2,16.6,nibio,1192,22.2,6.4,23.0,strandlinje/naust,elv/vann,LOW-ARABLE reno,https://www.finn.no/realestate/homes/ad.html?finnkode=454487275,farm
168,50.7,457788970,Hamneidet,Troms,1015840,9.0,,,text,1468,18.9,11.0,16.0,strandlinje/naust,elv/vann,land-est WINTER-SHADE BAD-VÅTROM,https://www.finn.no/realestate/homes/ad.html?finnkode=457788970,house
169,50.6,476134536,Gravberget,Innlandet,1244890,62.0,,34.0,text,365,6.3,6.9,419.0,-,elv/vann,land-est reno BAD-VÅTROM,https://www.finn.no/realestate/homes/ad.html?finnkode=476134536,farm
170,50.5,475434352,Sævelandsvik,Rogaland,1850240,9.0,,,text,746,1.6,0.0,28.0,-,elv/vann,land-est reno BAD-VÅTROM,https://www.finn.no/realestate/homes/ad.html?finnkode=475434352,house
171,50.4,468822575,Sørreisa,Troms,1692630,521.0,,,text,1106,5.4,6.9,15.0,-,elv/vann,land-est reno BAD-VÅTROM,https://www.finn.no/realestate/homes/ad.html?finnkode=468822575,house
172,50.3,333118850,Bardal,Nordland,1948850,682.0,,,text,528,3.9,14.8,29.0,sjø nevnt,elv/vann,land-est WINTER-SHADE,https://www.finn.no/realestate/homes/ad.html?finnkode=333118850,farm
173,50.3,472114307,Gjerstad,Agder,1250000,105.0,15.1,37.0,nibio,686,16.7,20.1,75.0,-,bekk/vassdrag,WINTER-SHADE reno,https://www.finn.no/realestate/homes/ad.html?finnkode=472114307,farm
174,50.1,467679110,Leirfjord,Nordland,1600000,480.0,24.2,0.0,nibio,526,19.5,29.9,30.0,strandlinje/naust,bekk/vassdrag,WINTER-SHADE reno road-fee,https://www.finn.no/realestate/homes/ad.html?finnkode=467679110,farm
175,50.0,469741837,Kaldfarnes,Troms,718590,11.0,,,text,1175,1.6,23.3,3.0,strandlinje/naust,elv/vann,land-est WINTER-SHADE reno BAD-VÅTROM,https://www.finn.no/realestate/homes/ad.html?finnkode=469741837,house
176,50.0,438988756,Kjeldebotn,Nordland,2717340,20.0,,,text,946,20.3,7.4,12.0,strandlinje/naust,elv/vann,land-est,https://www.finn.no/realestate/homes/ad.html?finnkode=438988756,house
177,49.9,474861015,Notodden,Telemark,1630932,16.0,,,text,576,20.1,8.8,61.0,-,elv/vann,land-est,https://www.finn.no/realestate/homes/ad.html?finnkode=474861015,house
178,49.8,460730121,Værøy,Nordland,1543750,30.0,,,text,1178,1.4,16.5,4.0,sjø nevnt,elv/vann,land-est WINTER-SHADE,https://www.finn.no/realestate/homes/ad.html?finnkode=460730121,house
179,49.1,459773412,Namnå,Innlandet,1846390,12.0,11.0,6.0,text,394,2.9,0.8,186.0,-,elv/vann,land-est,https://www.finn.no/realestate/homes/ad.html?finnkode=459773412,house
180,49.0,475464069,Vågå,Innlandet,452090,10.0,,,text,232,24.9,14.4,521.0,-,elv/vann,land-est,https://www.finn.no/realestate/homes/ad.html?finnkode=475464069,farm
181,48.8,467999745,Nord-Torpa,Innlandet,625000,5.0,,,text,345,15.0,8.5,540.0,-,elv/vann,land-est reno,https://www.finn.no/realestate/homes/ad.html?finnkode=467999745,farm
182,48.8,476027590,Storsteinnes,Troms,1692340,6.0,,,text,1120,10.7,7.2,237.0,sjø nevnt,elv/vann,land-est reno BAD-VÅTROM,https://www.finn.no/realestate/homes/ad.html?finnkode=476027590,house
183,48.7,398524817,Begnadalen,Innlandet,599000,4.0,,,text,406,5.9,9.9,201.0,-,elv/vann,land-est,https://www.finn.no/realestate/homes/ad.html?finnkode=398524817,farm
184,48.5,476554822,Myre,Nordland,1896795,19.0,,,text,1013,15.6,10.2,18.0,-,elv/vann,land-est WINTER-SHADE reno,https://www.finn.no/realestate/homes/ad.html?finnkode=476554822,house
185,48.5,356085804,Ågskardet,Nordland,690000,6.0,,,text,696,21.4,10.3,25.0,sjø nevnt,elv/vann,land-est,https://www.finn.no/realestate/homes/ad.html?finnkode=356085804,house
186,48.5,468279699,Morgedal,Telemark,1990000,41.0,,,text,649,17.9,10.4,547.0,-,elv/vann,land-est road-fee,https://www.finn.no/realestate/homes/ad.html?finnkode=468279699,farm
187,48.4,472266654,Høydalsmo,Telemark,974840,5.0,,,text,659,11.7,13.8,563.0,-,elv/vann,land-est reno,https://www.finn.no/realestate/homes/ad.html?finnkode=472266654,house
188,48.4,407956817,Rebbenes,Troms,1538590,425.0,9.1,0.0,nibio,1290,16.6,10.7,9.0,strandlinje/naust,elv/vann,WINTER-SHADE reno BAD-VÅTROM,https://www.finn.no/realestate/homes/ad.html?finnkode=407956817,farm
189,48.2,476467455,Gardvik,Innlandet,1999840,6.0,,,text,398,9.0,10.2,184.0,-,elv/vann,land-est,https://www.finn.no/realestate/homes/ad.html?finnkode=476467455,house
190,48.1,474594205,Stabbestad,Telemark,1795140,5.0,,,text,683,11.6,0.0,55.0,-,elv/vann,land-est reno BAD-VÅTROM,https://www.finn.no/realestate/homes/ad.html?finnkode=474594205,house
191,47.6,416541143,Sortland,Nordland,1085000,75.0,16.7,32.6,nibio,963,18.3,29.0,102.0,sjø nevnt,elv/vann,WINTER-SHADE reno,https://www.finn.no/realestate/homes/ad.html?finnkode=416541143,farm
192,47.2,464103876,Ulvik,Vestland,1846090,50.0,,,text,546,50.2,22.1,25.0,strandlinje/naust,elv/vann,land-est STEEP WINTER-SHADE,https://www.finn.no/realestate/homes/ad.html?finnkode=464103876,house
193,46.9,404193110,Indre Billefjord,Finnmark,713460,8.0,,,text,1592,17.2,16.3,18.0,sjø nevnt,elv/vann,land-est WINTER-SHADE reno BAD-VÅTROM,https://www.finn.no/realestate/homes/ad.html?finnkode=404193110,house
194,46.6,467178758,Lebesby,Finnmark,646840,83.0,27.5,0.0,nibio,1712,21.2,19.6,34.0,sjø nevnt,bekk/vassdrag,WINTER-SHADE,https://www.finn.no/realestate/homes/ad.html?finnkode=467178758,farm
195,46.3,473280055,Knapper,Innlandet,334215,9.0,,,text,393,32.1,10.9,174.0,-,elv/vann,land-est STEEP,https://www.finn.no/realestate/homes/ad.html?finnkode=473280055,house
196,46.2,470008888,Svatsum,Innlandet,1384840,401.0,,,text,304,45.7,16.7,651.0,-,elv/vann,land-est STEEP WINTER-SHADE reno BAD-VÅTROM,https://www.finn.no/realestate/homes/ad.html?finnkode=470008888,farm
197,46.1,409942924,Hauge i Dalane,Rogaland,2655840,9.0,,,text,930,39.3,9.1,19.0,strandlinje/naust,elv/vann,land-est STEEP,https://www.finn.no/realestate/homes/ad.html?finnkode=409942924,house
198,46.0,474562380,Misvær,Nordland,1794840,,,16.0,text,726,12.3,13.7,169.0,-,elv/vann,land-est WINTER-SHADE,https://www.finn.no/realestate/homes/ad.html?finnkode=474562380,farm
199,45.9,472018590,Moen,Troms,1692340,1866.0,,,text,1098,4.6,17.3,48.0,-,elv/vann,land-est WINTER-SHADE reno BAD-VÅTROM,https://www.finn.no/realestate/homes/ad.html?finnkode=472018590,farm
200,45.9,474769148,Mo i Rana,Nordland,2051390,32.0,,,text,558,12.0,23.2,21.0,-,elv/vann,land-est WINTER-SHADE reno,https://www.finn.no/realestate/homes/ad.html?finnkode=474769148,house
201,44.9,467201752,Gol,Buskerud,1332500,27.0,,,text,417,17.1,24.2,193.0,-,elv/vann,land-est WINTER-SHADE reno,https://www.finn.no/realestate/homes/ad.html?finnkode=467201752,farm
202,44.6,476532413,Rollag,Buskerud,718886,5.0,,,text,526,14.8,7.3,205.0,-,elv/vann,land-est reno BAD-VÅTROM,https://www.finn.no/realestate/homes/ad.html?finnkode=476532413,house
203,44.0,474068215,Åmli,Agder,1528600,6.0,,,text,730,16.9,23.4,160.0,-,elv/vann,land-est WINTER-SHADE reno,https://www.finn.no/realestate/homes/ad.html?finnkode=474068215,house
204,44.0,472437010,Andebu,Vestfold,1538890,6.0,,,text,569,29.4,8.8,151.0,sjø nevnt,elv/vann,land-est STEEP reno BAD-VÅTROM,https://www.finn.no/realestate/homes/ad.html?finnkode=472437010,house
205,43.2,428146220,Gursken,Møre og Romsdal,2410100,6.0,,,text,426,30.5,32.2,32.0,-,elv/vann,land-est STEEP WINTER-SHADE reno,https://www.finn.no/realestate/homes/ad.html?finnkode=428146220,house
206,42.6,465163704,Bø i Telemark,Telemark,1897340,20.0,,,text,606,22.8,15.4,388.0,-,elv/vann,land-est road-fee BAD-VÅTROM,https://www.finn.no/realestate/homes/ad.html?finnkode=465163704,house
207,40.2,473860827,Vik i Sogn,Vestland,1528340,6.0,,,text,452,41.6,28.7,163.0,-,elv/vann,land-est STEEP WINTER-SHADE reno,https://www.finn.no/realestate/homes/ad.html?finnkode=473860827,house
