finnkode,knr,gnr,bnr,place,fulldyrka,overflatedyrka,beite,skog,annet,bebygd_vann,ikke_klass,total_daa,source
445777037,4205.0,472.0,1.0,Lindesnes,,,,,,,,241.1,text
466053264,4616.0,36.0,7.0,Uggdal,,,,,,,,268.1,text
476965604,1508.0,803.0,4.0,Harøy,33,,,,,,,100.1,text
469923994,1820.0,83.0,10.0,Mindlandet,,,,,,,,172.5,text
355528659,5005.0,32.0,12.0,Bangsund,,,,,,,,133.0,text
471408971,5512.0,184.0,6.0,Hol i Tjeldsund,,,,,,,,283.7,text
474542996,1838.0,1.0,13.0,Storvik,,,,,,,,177.2,text
417962148,1815.0,3.0,19.0,Vega,,,,,,,,248.8,text
471069427,1870.0,30.0,47.0,Sortland,,,,,,,,321.1,text
376754442,5534.0,27.0,14.0,Hansnes,,,,,,,,456.7,text
467203422,5057.0,87.0,1.0,Lysøysundet,,,,,,,,251.6,text
466566362,5055.0,223.0,13.0,Halsanaustan,,,,,,,,5.1,text
301203578,4205.0,472.0,5.0,Lindesnes,,,,375,,,,375.5,text
471410488,1576.0,56.0,15.0,Vihals,,,,,,,,8.6,text
475820070,1573.0,23.0,7.0,Smøla,,,,,,,,443.6,text
311146765,5059.0,715.0,45.0,Agdenes,,,,,,,,2.0,text
475831520,1860.0,113.0,9.0,Bøstad,,,,,,,,290.6,text
476684559,5512.0,169.0,5.0,Kongsvik,,,,,,,,239.3,text
468698212,1579.0,87.0,71.0,Farstad,47,,,61,,,,144.8,text
475979121,1838.0,20.0,1.0,Inndyr,,,,,,,,14.9,text
475687022,1560.0,111.0,2.0,Kvisvik,,,,,,,,,text
443567563,5055.0,219.0,9.0,Halsanaustan,,,,,,,,7.5,text
474078575,4647.0,152.0,3.0,Sande i Sunnfjord,,,,,,,,281.2,text
436987165,1867.0,39.0,16.0,Straumsjøen,,,,,,,,89.3,text
474757947,4645.0,51.0,1.0,Atløy,,,,269,,,,269.8,text
468153599,1811.0,39.0,7.0,Terråk,,,,,,,,50.6,text
474562380,1804.0,225.0,2.0,Misvær,,,,16,,,,,text
476843297,5501.0,174.0,20.0,Kvaløya,,,,,,,,148.9,text
469251867,5057.0,68.0,19.0,Lysøysundet,,,,,,,,11.3,text
466763238,1822.0,111.0,22.0,Sundøya,,,,,,,,37.1,text
469741837,5530.0,429.0,25.0,Kaldfarnes,,,,,,,,10.7,text
468411674,5534.0,54.0,87.0,Vannvåg,,,,,,,,105.6,text
425625721,1837.0,48.0,53.0,Neverdal,,,,,,,,132.3,text
410667565,5055.0,235.0,7.0,Vågland,19,,,,,,,,text
475283450,5536.0,98.0,6.0,Lyngseidet,,,,,,,,25.0,text
472119208,1848.0,105.0,22.0,Nordfold,,,,,,,,25.1,text
424250389,4644.0,132.0,10.0,Veitastrond,,,,,,,,215.0,text
397566103,1520.0,170.0,9.0,Storestandal,,,,,,,,413.2,text
457788970,5544.0,86.0,11.0,Hamneidet,,,,,,,,8.8,text
475976360,5056.0,204.0,19.0,Hemnskjela,,,,25,,,,,text
475873934,1866.0,1.0,12.0,Kvitnes,,,,,,,,8.9,text
473054867,4637.0,89.0,5.0,Leirvik i Sogn,,,,,,,,330.8,text
476643025,1506.0,458.0,11.0,Midsund,,,,,,,,3.6,text
475855755,3448.0,142.0,26.0,Dokka,,,,,,,,7.6,text
464103876,4620.0,34.0,8.0,Ulvik,,,,,,,,50.0,text
467122671,5026.0,41.0,1.0,Ålen,330,,,115,,,,330.7,text
473138516,5056.0,87.0,6.0,Ansnes,,,,,,,,91.8,text
477022491,3338.0,18.0,2.0,Uvdal,,,,200,,,,204.2,text
476612002,4631.0,430.0,5.0,Manger,,,,,,,,52.0,text
465703822,5532.0,10.0,1.0,Laksvatn,,,,,,,,377.1,text
449805105,5014.0,51.0,7.0,Dyrvik,,,,,,,,13.4,text
474573639,1539.0,147.0,3.0,Mittet,,,,,,,,588.8,text
427635750,5506.0,104.0,33.0,Lundenes,,,,,,,,18.2,text
376844704,4645.0,4.0,3.0,Stongfjorden,,,,,,,,183.7,text
457326307,1576.0,69.0,15.0,Lesund,,,,,,,,10.0,text
475873889,1815.0,7.0,4.0,Vega,,,,,,,,76.3,text
473049581,5038.0,217.0,6.0,Vuku,11,,,6,,,,11.3,text
469330058,1579.0,170.0,14.0,Lyngstad,71,,,35,,,,71.0,text
362005029,4637.0,59.0,4.0,Leirvik i Sogn,,,,,,,,7.9,text
473271448,5057.0,68.0,1.0,Lysøysundet,,,,150,,,,,text
474643619,4602.0,4.0,4.0,Barekstad,,,,,,,,20.6,text
468468311,1508.0,550.0,76.0,Skodje,,,,,,,,92.3,text
475458624,5054.0,74.0,7.0,Vanvikan,,,,,,,,90.7,text
467480104,5006.0,230.0,8.0,Steinkjer,,,,,,,,5.4,text
476375061,3448.0,143.0,8.0,Dokka,,,,44,,,,45.6,text
475518116,1508.0,529.0,4.0,Skodje,,,,,,,,34.4,text
476050011,1573.0,65.0,5.0,Smøla,,,,,,,,205.6,text
476788515,1576.0,50.0,7.0,Kjørsvikbugen,,,,,,,,52.9,text
469440662,4211.0,6.0,21.0,Sundebru,,,,,,,,131.0,text
476392471,3425.0,161.0,42.0,Engerdal,,,,,,,,236.0,text
474068215,4217.0,39.0,35.0,Åmli,,,,,,,,5.9,text
385752750,1742.0,42.0,2.0,Harran,,,,,,,,21.5,text
464454931,4024.0,108.0,3.0,Tuddal,,,,,,,,480.0,text
464864606,4616.0,6.0,22.0,Flatråker,,,,,,,,15.5,text
430857754,5060.0,6.0,19.0,Ottersøy,22,,,6,,,,116.5,text
474767311,5054.0,171.0,3.0,Råkvåg,,,,,,,,13.9,text
472090363,4613.0,84.0,21.0,Foldrøyhamn,,,,,,,,30.1,text
467709596,5628.0,10.0,48.0,Tana,,,,,,,,,text
473993975,5053.0,318.0,26.0,Mosvik,,,,,,,,7.5,text
464376719,5007.0,44.0,23.0,Fosslandsosen,,,,,,,,12.8,text
475541991,1133.0,139.0,8.0,Årdal i Ryfylke,,,,57,,,,76.6,text
466444841,4631.0,424.0,71.0,Bøvågen,,,,,,,,89.3,text
477144785,5520.0,52.0,1.0,Bardu,,,,3260,,,,3259.7,text
464143373,4020.0,6.0,6.0,Bø i Telemark,20,,,,,,,24.2,text
473268523,3449.0,50.0,2.0,Bagn,,,,,,,,270.2,text
404193110,5622.0,6.0,60.0,Indre Billefjord,,,,,,,,8.0,text
475576893,3424.0,18.0,2.0,Rendalen,144,,,201,,,,411.4,text
475987647,5034.0,7.0,7.0,Meråker,,,,,,,,7.2,text
461976533,1833.0,175.0,3.0,Utskarpen,,,,,,,,25.3,text
470008888,3441.0,92.0,11.0,Svatsum,,,,,,,,400.8,text
466362101,1579.0,87.0,68.0,Farstad,8,,,8,,,,19.0,text
468180497,1827.0,50.0,28.0,Dønna,,,,,,,,18.2,text
477261803,4016.0,41.0,22.0,Drangedal,,,,,,,,11.4,text
473772466,5059.0,257.0,51.0,Orkanger,,,,110,,,,110.3,text
476679723,1804.0,102.0,2.0,Saltstraumen,,,,,,,,171.8,text
473322165,1506.0,254.0,4.0,Eidsvåg i Romsdal,31,,,4,,,,31.9,text
469995524,5054.0,106.0,19.0,Rissa,,,,,,,,6.3,text
356085804,1837.0,14.0,19.0,Ågskardet,,,,,,,,6.3,text
455741590,5530.0,76.0,47.0,Gibostad,,,,,,,,14.6,text
465708748,5054.0,160.0,10.0,Husbysjøen,,,,,,,,113.7,text
475969154,1506.0,104.0,7.0,Sekken,,,,,,,,6.2,text
355847711,8110.0,13.0,3.0,Moldjord,147,,,,,,,147.0,text
467294160,5007.0,35.0,13.0,Bangsund,,,,,,,,488.6,text
455103396,5601.0,4.0,20.0,Langfjordbotn,,,,,,,,120.2,text
476131238,3419.0,5.0,3.0,Braskereidfoss,60,,,60,,,,132.5,text
476099750,1871.0,28.0,3.0,Dverberg,,,,,,,,794.0,text
471316257,3414.0,20.0,24.0,Sagstua,,,,8,,,,8.2,text
468419268,3401.0,143.0,8.0,Hokkåsen,,,,,,,,101.0,text
473648025,1875.0,10.0,8.0,Ulvsvåg,,,,,,,,16.6,text
476623521,1101.0,21.0,10.0,Egersund,,,,,,,,102.4,text
297876802,5059.0,557.0,23.0,Storås,,,,,,,,3.5,text
475313132,3425.0,165.0,181.0,Drevsjø,,,,,,,,37.3,text
476716806,3448.0,20.0,4.0,Dokka,35,,,147,,,,216.5,text
468822575,5526.0,5.0,5.0,Sørreisa,,,,,,,,520.9,text
467973698,1837.0,31.0,1.0,Halsa,,,,500,,,,,text
428146220,1514.0,11.0,10.0,Gursken,,,,,,,,5.8,text
465587427,1815.0,30.0,8.0,Vega,,,,,,,,104.5,text
476618265,5027.0,173.0,4.0,Budalen,,,,,,,,,text
436086225,6570.0,46.0,11.0,Smøla,,,,,,,,9.0,text
476027590,5532.0,43.0,210.0,Storsteinnes,,,,,,,,6.3,text
465827656,4612.0,36.0,23.0,Auklandshamn,,,,,,,,8.9,text
474548983,1579.0,42.0,387.0,Elnesvågen,,,,,,,,9.4,text
474203425,5603.0,121.0,42.0,Kokelv,,,,,,,,7.8,text
413279463,539.0,187.0,61.0,Lena,,,,,,,,6.2,text
473264029,4036.0,39.0,10.0,Vinje,16,,,198,,,,356.0,text
472266654,4034.0,47.0,20.0,Høydalsmo,,,,,,,,5.0,text
473870317,1822.0,69.0,9.0,Leirfjord,,,,,,,,28.9,text
333118850,1822.0,98.0,2.0,Bardal,,,,,,,,682.3,text
395869579,9734.0,6.0,7.0,Karasjok,,,,,,,,168.0,text
468145058,5056.0,106.0,10.0,Hestvika,,,,,,,,13.5,text
401209430,1825.0,56.0,3.0,Trofors,,,,,,,,24.3,text
460730121,1857.0,14.0,22.0,Værøy,,,,,,,,29.8,text
464337117,4612.0,107.0,6.0,Førde i Hordaland,,,,,,,,45.8,text
473993348,1806.0,338.0,92.0,Ballangen,,,,,,,,5.9,text
468604662,3439.0,169.0,7.0,Fåvang,,,,,,,,12.3,text
443583241,1547.0,5.0,98.0,kvm - Regulert til boligformål,,,,,,,,5.9,text
357150286,1875.0,22.0,15.0,Tranøy,,,,,,,,5.3,text
475740389,1853.0,25.0,24.0,Bogen i Ofoten,,,,,,,,5.9,text
472018590,5524.0,25.0,4.0,Moen,,,,,,,,1865.6,text
475912239,5054.0,228.0,6.0,Leksvik,,,,,,,,38.6,text
424440806,1577.0,233.0,2.0,Bjørke,,,,,,,,,text
356020678,5057.0,168.0,32.0,Brekstad,,,,,,,,51.1,text
469440153,5025.0,72.0,2.0,- Engesvollen.,2,,,2,,,,2967.3,text
472437010,3907.0,258.0,67.0,Andebu,,,,,,,,5.5,text
475804613,5060.0,228.0,4.0,Rørvik,,,,,,,,7.7,text
474594205,4014.0,10.0,44.0,Stabbestad,,,,,,,,5.0,text
475167699,5027.0,276.0,11.0,Singsås,433,,,,,,,433.3,text
476554822,1868.0,76.0,80.0,Myre,,,,,,,,19.4,text
475434352,1149.0,8.0,8.0,Sævelandsvik,,,,,,,,8.9,text
475178028,1837.0,77.0,13.0,Meløy,,,,492,,,,492.4,text
460126018,4648.0,92.0,3.0,Rugsund,,,,,,,,1316.2,text
474769148,1833.0,99.0,13.0,Mo i Rana,,,,,,,,32.4,text
409942924,1111.0,82.0,13.0,Hauge i Dalane,,,,,,,,9.3,text
438988756,1806.0,370.0,26.0,Kjeldebotn,,,,,,,,20.4,text
477507645,3448.0,67.0,63.0,Nord-Torpa,,,,180,,,,180.4,text
477282236,1806.0,305.0,2.0,Ballangen,,,,,,,,3287.8,text
460914389,1531.0,66.0,1.0,Mauseidvåg,,,,,,,,86.5,text
476740935,4626.0,141.0,3.0,Skogsvåg,,,,,,,,152.2,text
465163704,4020.0,18.0,17.0,Bø i Telemark,,,,,,,,19.9,text
446096428,1160.0,255.0,17.0,Bjoa,,,,,,,,73.8,text
468123954,3437.0,181.0,41.0,Heidal,,,,,,,,309.0,text
473860827,4639.0,7.0,9.0,Vik i Sogn,,,,,,,,6.3,text
476632199,1859.0,22.0,12.0,Fredvang,,,,,,,,11.1,text
472390885,1554.0,52.0,81.0,Averøy,,,,,,,,107.1,text
476117522,4201.0,5.0,12.0,Risør,,,,,,,,30.6,text
416709615,1860.0,36.0,14.0,Leknes,85,,,,,,,100.0,text
474861015,4005.0,242.0,216.0,Notodden,,,,,,,,16.5,text
470565732,4030.0,5.0,17.0,Nissedal,,,,14,,,,13.5,text
472302780,1886.0,84.0,7.0,Hattfjelldal,,,,,,,,,text
474830340,3415.0,53.0,45.0,Disenå,,,,86,,,,115.6,text
476452323,3418.0,40.0,6.0,Gjesåsen,,,,48,,,,52.3,text
476102695,3421.0,53.0,94.0,Slettås,,,,,,,,92.0,text
423220256,3421.0,81.0,3.0,Søre Osen,,,,,,,,634.9,text
413038308,1860.0,122.0,7.0,Bøstad,,,,,,,,145.3,text
466811008,5037.0,332.0,8.0,Ytterøy,,,,,,,,53.7,text
475953512,4630.0,71.0,4.0,Lonevåg,,,,,,,,218.2,text
405480303,5532.0,68.0,10.0,Meistervik,,,,,,,,8.9,text
476993122,5501.0,49.0,3.0,Vikran,,,,,,,,1177.7,text
468279699,4028.0,67.0,9.0,Morgedal,,,,,,,,40.8,text
465191471,4214.0,82.0,27.0,Risdal,,,,,,,,14.8,text
459986959,4647.0,49.0,7.0,Førde,67,,,,,,,634.3,text
476134536,3419.0,86.0,11.0,Gravberget,,,,34,,,,61.7,text
475981266,1149.0,82.0,54.0,Avaldsnes,,,,,,,,15.9,text
459773412,3417.0,11.0,11.0,Namnå,11,,,6,,,,11.6,text
473226872,1860.0,15.0,56.0,Ballstad,,,,,,,,5.1,text
452853474,4217.0,25.0,409.0,Åmli,,,,,,,,3.0,text
475499104,3417.0,46.0,24.0,Grinder,,,,,,,,12.1,text
408849592,1834.0,46.0,5.0,Konsvikosen,,,,,,,,49.6,text
469302668,4221.0,68.0,29.0,Rysstad,,,,,,,,8.2,text
475506915,1866.0,68.0,19.0,Stokmarknes,,,,,,,,13.1,text
457702261,4024.0,77.0,8.0,Sauland,5,,,,,,,5.8,text
471512912,3118.0,663.0,362.0,Trøgstad,,,,,,,,11.7,text
472129925,1505.0,139.0,53.0,Frei,,,,,,,,5.8,text
465095687,1838.0,20.0,22.0,Inndyr,,,,,,,,5.2,text
325600631,1867.0,17.0,4.0,Bø i Vesterålen,,,,,,,,62.1,text
452600298,5607.0,5.0,167.0,Vestre Jakobselv,,,,,,,,10.4,text
450258996,4625.0,18.0,11.0,Stolmen,,,,,,,,6.9,text
475966797,3413.0,404.0,41.0,Åsvang,,,,,,,,28.5,text
472017495,3421.0,45.0,12.0,Jordet,,,,,,,,5.1,text
380330192,3420.0,123.0,104.0,Hernes,,,,,,,,5.4,text
467201752,3324.0,8.0,18.0,Gol,,,,,,,,27.3,text
467414431,5036.0,66.0,9.0,Frosta,,,,,,,,5.1,text
471947373,1506.0,29.0,823.0,Molde,,,,,,,,22.5,text
467077812,3415.0,32.0,35.0,Slåstad,,,,,,,,12.7,text
365548794,5532.0,17.0,5.0,Nordkjosbotn,,,,,,,,596.9,text
467478150,4636.0,18.0,9.0,Ytrøygrend,,,,,,,,13.1,text
475465429,3419.0,27.0,16.0,Våler i Solør,,,,,,,,17.2,text
399785558,3420.0,39.0,20.0,Heradsbygd,,,,,,,,22.1,text
410904334,1547.0,5.0,27.0,Aukra,,,,,,,,20.2,text
467956016,1860.0,123.0,12.0,Bøstad,,,,,,,,34.8,text
461110658,4644.0,20.0,317.0,Skjolden,,,,,,,,6.0,text
475517405,3411.0,593.0,22.0,Stavsjø,,,,10,,,,20.2,text
427828013,4014.0,9.0,19.0,Stabbestad,,,,,,,,21.9,text
473025763,3423.0,10.0,279.0,Koppang,,,,,,,,5.6,text
476532413,3336.0,75.0,8.0,Rollag,,,,,,,,5.2,text
350081495,1824.0,99.0,15.0,Mosjøen,,,,,,,,9.1,text
474864987,5038.0,67.0,2.0,Verdal,51,,,,,,,73.2,text
466662732,1506.0,515.0,1.0,Midsund,419,,,709,,,,1214.1,text
472374565,3422.0,12.0,43.0,Rena,,,,,,,,13.3,text
477563352,4219.0,56.0,169.0,Evje,,,,,,,,4.2,text
394601595,1576.0,96.0,1.0,Foldfjorden,,,,868,,,,,text
473995618,5524.0,122.0,20.0,Moen,,,,,,,,28.9,text
475920152,1866.0,76.0,51.0,Stokmarknes,,,,,,,,6.2,text
476150391,3324.0,38.0,39.0,Gol,6,,,6,,,,16.3,text
475393649,3101.0,178.0,27.0,Tistedal,,,,,,,,21.2,text
468076297,4225.0,438.0,17.0,Konsmo,,,,,,,,5.1,text
457500910,5054.0,71.0,9.0,Rissa,,,,,,,,3.2,text
465634805,3401.0,1.0,12.0,Kongsvinger,,,,1,,,,47.5,text
419923473,3423.0,17.0,26.0,Koppang,,,,,,,,5.7,text
476018387,1824.0,179.0,1.0,Elsfjord,,,,9300,,,,9328.9,text
439328840,3419.0,50.0,12.0,Braskereidfoss,,,,,,,,18.9,text
473280055,3414.0,43.0,10.0,Knapper,,,,,,,,8.9,text
438947605,3118.0,263.0,11.0,Mysen,,,,,,,,6.4,text
476467455,3414.0,40.0,30.0,Gardvik,,,,,,,,5.5,text
465163683,5544.0,62.0,14.0,Storslett,,,,,,,,110.1,text
475577122,1860.0,133.0,21.0,Valberg,,,,,,,,14.2,text
467085501,5542.0,69.0,188.0,Skjervøy,,,,,,,,6.5,text
463912402,1134.0,110.0,120.0,Foldøy,,,,,,,,12.0,text
473643110,5038.0,196.0,2.0,Vuku,596,,,385,,,,596.0,text
468046894,1838.0,72.0,18.0,Sandhornøy,,,,,,,,69.9,text
472804759,3116.0,7.0,9.0,Skiptvet,,,,,,,,6.6,text
463365021,3418.0,34.0,8.0,Åsnes Finnskog,,,,23,,,,32.9,text
419046312,4626.0,149.0,9.0,Skogsvåg,,,,,,,,19.8,text
415359177,7383.0,195.0,10.0,Haltdalen,,,,,,,,22.0,text
469153168,1804.0,73.0,31.0,Tverlandet,,,,,,,,10.9,text
461176997,3438.0,121.0,38.0,Sør-Fron,,,,,,,,152.0,text
477589884,3305.0,284.0,46.0,Hallingby,,,,,,,,17.3,text
412175521,4617.0,58.0,2.0,Mauranger,,,,,,,,,text
454102397,554.0,65.0,34.0,Storslett,588,,,381,,,,588.3,text
441338222,5532.0,44.0,1.0,Storsteinnes,,,,223,,,,,text
475464069,3435.0,27.0,7.0,Vågå,,,,,,,,9.6,text
459626325,3907.0,90.0,10.0,Sandefjord,,,,,,,,16.7,text
467999745,3448.0,85.0,8.0,Nord-Torpa,,,,,,,,4.9,text
398524817,522.0,71.0,21.0,Begnadalen,,,,,,,,4.5,text
477070845,4640.0,29.0,9.0,Sogndal,23,,,62,,,,117.5,text
476978961,4218.0,45.0,3.0,Iveland,,,,,,,,1601.7,text
476738337,5526.0,33.0,8.0,Sørreisa,,,,,,,,585.3,text
474088235,3316.0,53.0,25.0,Åmot,,,,,,,,9.6,text
466087779,4212.0,42.0,119.0,Vegårshei,,,,,,,,6.0,text
462879314,3420.0,180.0,163.0,Sørskogbygda,,,,,,,,6.0,text
476460346,1865.0,10.0,32.0,Kabelvåg,,,,,,,,22.7,text
463773705,1119.0,102.0,30.0,Brusand,,,,,,,,3.2,text
368122313,4620.0,58.0,1.0,Ulvik,150,,,,,,,,text
467123276,5628.0,38.0,8.0,Tana,,,,,,,,94.7,text
463577409,1133.0,14.0,34.0,Skiftun,,,,,,,,5.1,text
461894151,4221.0,68.0,4.0,- et herlig småbruk på Rysstad,7,,,90,,,,177.4,text
477071513,3451.0,22.0,180.0,Fagernes,,,,,,,,44.5,text
461823727,1824.0,117.0,498.0,Mosjøen,,,,,,,,9.0,text
467476176,5057.0,60.0,37.0,Storfosna,,,,,,,,8.0,text
432485187,5022.0,83.0,1.0,Rennebu,,,,,,,,509.3,text
471014354,5057.0,15.0,5.0,Bjugn,,,,,,,,89.5,text
474666834,3417.0,93.0,8.0,Kirkenær,,,,,,,,69.9,text
464836830,1837.0,26.0,16.0,Halsa,,,,,,,,10.1,text
474919337,3433.0,10.0,1.0,Skjåk,,,,,,,,,text
475957070,3419.0,71.0,2.0,Våler i Solør,,,,,,,,27.1,text
474102429,3441.0,106.0,3.0,Svatsum,,,,,,,,124.5,text
464026933,4206.0,96.0,16.0,Vanse,,,,,,,,2.0,text
472807091,1525.0,80.0,2.0,Hellesylt,,,,,,,,1423.3,text
477278258,3312.0,81.0,50.0,Lier,,,,,,,,15.9,text
465940673,5053.0,14.0,8.0,Inderøy,,,,,,,,25.0,text
464474256,3446.0,257.0,10.0,Gran,,,,,,,,6.2,text
461880089,5622.0,16.0,8.0,Lakselv,,,,,,,,5.4,text
476355127,3903.0,283.0,9.0,Hof,,,,,,,,24.0,text
476705616,3420.0,131.0,12.0,Hernes,32,,,,,,,32.2,text
465596482,4003.0,335.0,36.0,Skien,,,,,,,,8.4,text
476704385,5001.0,323.0,756.0,Tiller,,,,,,,,17.5,text
463732982,3907.0,90.0,10.0,Sandefjord,,,,,,,,16.7,text
464221711,3437.0,172.0,10.0,Heidal,,,,,,,,331.7,text
463504358,4003.0,2.0,1166.0,Skien,,,,,,,,7.3,text
466464506,1146.0,56.0,2.0,Tysværvåg,44,,,44,,,,78.8,text
465291046,3240.0,181.0,4.0,Minnesund,2,,,,,,,30.8,text
475275737,3105.0,2014.0,14.0,Sarpsborg,,,,64,,,,64.7,text
475554655,3110.0,40.0,102.0,Vesterøy,,,,,,,,18.9,text
473650016,3411.0,602.0,20.0,Nes på Hedmarken,,,,,,,,5.1,text
474854227,5047.0,78.0,2.0,Overhalla,,,,533,,,,,text
376854021,3808.0,433.0,5.0,Notodden,,,,,,,,26.1,text
473868683,4612.0,35.0,10.0,Auklandshamn,,,,,,,,129.1,text
471281976,4635.0,95.0,296.0,Byrknesøy,,,,,,,,8.9,text
412113698,3436.0,212.0,9.0,Skåbu,,,,,,,,920.9,text
475309867,1832.0,64.0,9.0,Hemnesberget,,,,,,,,31.1,text
463488941,5501.0,174.0,10.0,Kvaløya,,,,,,,,830.3,text
459356087,3112.0,66.0,25.0,Råde,,,,,,,,10.3,text
476980719,3415.0,90.0,5.0,Skarnes,,,,,,,,50.8,text
465626317,3411.0,700.0,10.0,Brumunddal,15,,,5,,,,29.3,text
475818592,3328.0,44.0,12.0,Ål,,,,,,,,34.0,text
472945043,3105.0,1028.0,5.0,Klavestadhaugen,,,,,,,,8.5,text
468824491,3420.0,180.0,42.0,Sørskogbygda,,,,,,,,615.7,text
474557027,4619.0,22.0,1.0,Øvre Eidfjord,,,,,,,,1947.9,text
473020002,3420.0,100.0,124.0,Hernes,66,,,36,,,,66.0,text
474642321,4203.0,45.0,19.0,Saltrød,,,,,,,,7.9,text
475819057,3103.0,197.0,296.0,Moss,,,,,,,,23.3,text
467174939,3437.0,172.0,12.0,Heidal,,,,,,,,557.4,text
476133570,3107.0,439.0,265.0,Kråkerøy,,,,,,,,12.5,text
466353828,3226.0,267.0,9.0,Rømskog,,,,,,,,1344.9,text
476125936,3907.0,132.0,349.0,Sandefjord,,,,,,,,12.8,text
473327518,4003.0,1.0,546.0,Skien,,,,,,,,8.4,text
448512878,3421.0,58.0,119.0,Trysil,,,,,,,,20.8,text
476534151,3435.0,21.0,12.0,Vågå,,,,,,,,55.3,text
476064235,3234.0,41.0,9.0,Roa,,,,,,,,7.9,text
463342646,3238.0,141.0,11.0,Maura,,,,,,,,12.7,text
434857490,3240.0,9.0,17.0,Eidsvoll,,,,,,,,5.0,text
473289405,4001.0,382.0,199.0,Porsgrunn,,,,,,,,7.4,text
411761611,3905.0,45.0,7.0,Sem,,,,,,,,1.4,text
465702226,3122.0,86.0,125.0,Ørje,,,,,,,,7.0,text
473302622,3415.0,35.0,25.0,Skarnes,119,,,,,,,125.3,text
319405905,3427.0,14.0,2.0,Tynset,,,,,,,,,text
461655181,3420.0,15.0,40.0,Elverum,,,,,,,,23.3,text
472805825,3403.0,25.0,60.0,Ingeberg,,,,,,,,7.3,text
454081109,3420.0,149.0,125.0,Hernes,,,,565,,,,753.9,text
476470938,3118.0,476.0,3.0,Spydeberg,192,,,121,,,,192.9,text
476269015,3107.0,601.0,404.0,Gamle Fredrikstad,,,,,,,,5.2,text
462746774,3407.0,59.0,50.0,Gjøvik,,,,,,,,20.9,text
477065018,3401.0,16.0,20.0,Granli,,,,,,,,12.1,text
477215401,3443.0,25.0,3.0,Bøverbru,,,,,,,,54.3,text
467799293,4036.0,33.0,1.0,Vinje,,,,,,,,691.2,text
465916721,4203.0,437.0,354.0,Bjorbekk,,,,,,,,12.7,text
476562738,3228.0,163.0,21.0,Årnes,66,,,42,,,,66.3,text
475937782,3421.0,60.0,37.0,Trysil,77,,,77,,,,132.8,text
476056018,3443.0,149.0,27.0,Eina,,,,,,,,5.8,text
475890844,3905.0,81.0,1.0,Tønsberg,,,,,,,,6.9,text
404662779,3405.0,67.0,91.0,Lillehammer,,,,,,,,28.1,text
475220151,3118.0,431.0,72.0,Spydeberg,,,,,,,,10.3,text
474683753,3226.0,154.0,157.0,Setskog,,,,,,,,5.1,text
467978789,3907.0,209.0,19.0,Andebu,,,,20,,,,20.8,text
462408912,3314.0,135.0,14.0,Fiskum,,,,,,,,19.2,text
468150605,3418.0,79.0,4.0,Gjesåsen,,,,,,,,160.0,text
463485539,3240.0,21.0,14.0,Eidsvoll,,,,,,,,13.5,text
477258046,4619.0,13.0,1.0,Øvre Eidfjord,,,,,,,,1.5,text
462402533,3403.0,193.0,6.0,Ridabu,,,,,,,,31.5,text
438112393,3414.0,49.0,83.0,Knapper,,,,,,,,21.7,text
474457072,3418.0,203.0,26.0,Arneberg,23,,,,,,,27.0,text
467299134,4617.0,143.0,141.0,Husnes,,,,,,,,7.4,text
476048151,4203.0,26.0,11.0,Arendal,,,,,,,,7.4,text
465623446,3411.0,245.0,12.0,Rudshøgda,,,,,,,,34.8,text
434373622,4001.0,121.0,46.0,Porsgrunn,,,,,,,,6.2,text
476537593,4005.0,18.0,2.0,Notodden,36,,,6,,,,47.9,text
459343202,3305.0,55.0,2.0,Hønefoss,,,,,,,,74.1,text
477129829,3205.0,251.0,37.0,Sørum,11,,,37,,,,37.7,text
465018697,3441.0,133.0,27.0,Follebu,,,,,,,,5.4,text
367294690,3441.0,58.0,5.0,Vestre Gausdal,649,,,9,,,,649.0,text
474473166,3107.0,201.0,18.0,Fredrikstad,,,,,,,,61.7,text
475156582,3420.0,188.0,1.0,Sørskogbygda,,,,21,,,,147.2,text
421499946,1826.0,84.0,3.0,Hattfjelldal,27,,,1963,,,,,text
469935354,5540.0,32.0,8.0,Samuelsberg,136,,,126,,,,1338.4,text
466580179,3446.0,276.0,14.0,Gran,,,,,,,,18.9,text
475899576,3451.0,4.0,13.0,Fagernes,,,,,,,,88.1,text
437936630,3209.0,95.0,3.0,Nordkisa,,,,,,,,30.3,text
472352898,3316.0,59.0,37.0,Åmot,,,,,,,,5.5,text
473734704,3905.0,145.0,110.0,Tønsberg,,,,,,,,5.4,text
459063072,5605.0,19.0,119.0,Svanvik,,,,,,,,881.0,text
474248433,3320.0,28.0,5.0,Flå,692,,,,,,,691.6,text
468355635,5605.0,6.0,19.0,Neiden,795,,,,,,,795.0,text
428908734,3421.0,16.0,160.0,Østby,,,,,,,,172.6,text
361324472,3422.0,43.0,136.0,Rena,,,,,,,,5.2,text
476453806,3314.0,204.0,14.0,Skotselv,,,,,,,,6.9,text
420427982,3437.0,190.0,18.0,Heidal,514,,,280,,,,514.3,text
402885508,3312.0,81.0,44.0,Lier,,,,4,,,,9.7,text
475356878,3226.0,65.0,39.0,Bjørkelangen,,,,,,,,6.1,text
467685895,3226.0,24.0,18.0,Løken,,,,,,,,4.6,text
468057142,3412.0,197.0,4.0,Løten,,,,,,,,15.4,text
475450960,4622.0,1.0,2.0,Tørvikbygd,624,,,624,,,,843.7,text
465900965,3418.0,133.0,2.0,Flisa,,,,,,,,29.3,text
475559882,3230.0,54.0,220.0,Gjerdrum,,,,,,,,15.2,text
471404606,3401.0,54.0,49.0,Kongsvinger,,,,,,,,9.2,text
445933763,3205.0,408.0,10.0,Lillestrøm,,,,,,,,5.2,text
473305467,3314.0,115.0,92.0,Vestfossen,,,,,,,,10.9,text
458933013,3330.0,61.0,41.0,Geilo,,,,,,,,7.8,text
476392191,3303.0,8616.0,190.0,Kongsberg,,,,,,,,14.9,text
471932241,3240.0,96.0,143.0,Råholt,,,,,,,,14.2,text
475376185,3301.0,22.0,258.0,Drammen,,,,,,,,6.5,text
