finnkode,knr,gnr,bnr,place,fylke
445777037,4205.0,472.0,1.0,Lindesnes,Agder
471069427,1870.0,30.0,47.0,Sortland,Nordland
376754442,5534.0,27.0,14.0,Hansnes,Troms
466566362,5055.0,223.0,13.0,Halsanaustan,Trøndelag
443567563,5055.0,219.0,9.0,Halsanaustan,Trøndelag
468153599,1811.0,39.0,7.0,Terråk,Nordland
475979121,1838.0,20.0,1.0,Inndyr,Nordland
466763238,1822.0,111.0,22.0,Sundøya,Nordland
469741837,5530.0,429.0,25.0,Kaldfarnes,Troms
472119208,1848.0,105.0,22.0,Nordfold,Nordland
475283450,5536.0,98.0,6.0,Lyngseidet,Troms
469251867,5057.0,68.0,19.0,Lysøysundet,Trøndelag
457788970,5544.0,86.0,11.0,Hamneidet,Troms
475855755,3448.0,142.0,26.0,Dokka,Innlandet
362005029,4637.0,59.0,4.0,Leirvik i Sogn,Vestland
475873934,1866.0,1.0,12.0,Kvitnes,Nordland
475621135,4212.0,34.0,21.0,Vegårshei,Agder
474643619,4602.0,4.0,4.0,Barekstad,Vestland
475383684,4644.0,9.0,13.0,Fortun,Vestland
476375061,3448.0,143.0,8.0,Dokka,Innlandet
474757947,4645.0,51.0,1.0,Atløy,Vestland
385752750,1742.0,42.0,2.0,Harran,Trøndelag
472090363,4613.0,84.0,21.0,Foldrøyhamn,Vestland
467709596,5628.0,10.0,48.0,Tana,Finnmark
474068215,4217.0,39.0,35.0,Åmli,Agder
404193110,5622.0,6.0,60.0,Indre Billefjord,Finnmark
475987647,5034.0,7.0,7.0,Meråker,Trøndelag
470008888,3441.0,92.0,11.0,Svatsum,Innlandet
468180497,1827.0,50.0,28.0,Dønna,Nordland
471410488,1576.0,56.0,15.0,Vihals,Møre og Romsdal
356085804,1837.0,14.0,19.0,Ågskardet,Nordland
355847711,8110.0,13.0,3.0,Moldjord,81
449805105,5014.0,51.0,7.0,Dyrvik,Trøndelag
413279463,539.0,187.0,61.0,Lena,Innlandet
474203425,5603.0,121.0,42.0,Kokelv,Finnmark
472266654,4034.0,47.0,20.0,Høydalsmo,Telemark
476099750,1871.0,28.0,3.0,Dverberg,Nordland
401209430,1825.0,56.0,3.0,Trofors,Nordland
469440662,4211.0,6.0,21.0,Sundebru,Agder
357150286,1875.0,22.0,15.0,Tranøy,Nordland
358634890,127.0,66.0,13.0,Skiptvet,Østfold
311146765,5059.0,715.0,45.0,Agdenes,Trøndelag
474562380,1804.0,225.0,2.0,Misvær,Nordland
476114833,5516.0,52.0,5.0,Gratangen,Troms
460730121,1857.0,14.0,22.0,Værøy,Nordland
475441450,3441.0,20.0,5.0,Vestre Gausdal,Innlandet
472437010,3907.0,258.0,67.0,Andebu,Vestfold
475960194,3411.0,701.0,16.0,Brumunddal,Innlandet
476452323,3418.0,40.0,6.0,Gjesåsen,Innlandet
476102695,3421.0,53.0,94.0,Slettås,Innlandet
473860827,4639.0,7.0,9.0,Vik i Sogn,Vestland
473648025,1875.0,10.0,8.0,Ulvsvåg,Nordland
476134536,3419.0,86.0,11.0,Gravberget,Innlandet
475499104,3417.0,46.0,24.0,Grinder,Innlandet
464103876,4620.0,34.0,8.0,Ulvik,Vestland
472017495,3421.0,45.0,12.0,Jordet,Innlandet
468822575,5526.0,5.0,5.0,Sørreisa,Troms
380330192,3420.0,123.0,104.0,Hernes,Innlandet
475966797,3413.0,404.0,41.0,Åsvang,Innlandet
473322165,1506.0,254.0,4.0,Eidsvåg i Romsdal,Møre og Romsdal
467201752,3324.0,8.0,18.0,Gol,Buskerud
476027590,5532.0,43.0,210.0,Storsteinnes,Troms
475465429,3419.0,27.0,16.0,Våler i Solør,Innlandet
469330058,1579.0,170.0,14.0,Lyngstad,Møre og Romsdal
476532413,3336.0,75.0,8.0,Rollag,Buskerud
473025763,3423.0,10.0,279.0,Koppang,Innlandet
471316257,3414.0,20.0,24.0,Sagstua,Innlandet
467480104,5006.0,230.0,8.0,Steinkjer,Trøndelag
474861015,4005.0,242.0,216.0,Notodden,Telemark
473280055,3414.0,43.0,10.0,Knapper,Innlandet
412359175,3632.0,89.0,2.0,Uvdal,36
472018590,5524.0,25.0,4.0,Moen,Troms
399785558,3420.0,39.0,20.0,Heradsbygd,Innlandet
468411674,5534.0,54.0,87.0,Vannvåg,Troms
457326307,1576.0,69.0,15.0,Lesund,Møre og Romsdal
473772466,5059.0,257.0,51.0,Orkanger,Trøndelag
436987165,1867.0,39.0,16.0,Straumsjøen,Nordland
415359177,7383.0,195.0,10.0,Haltdalen,73
475464069,3435.0,27.0,7.0,Vågå,Innlandet
398524817,522.0,71.0,21.0,Begnadalen,Innlandet
467999745,3448.0,85.0,8.0,Nord-Torpa,Innlandet
427635750,5506.0,104.0,33.0,Lundenes,Troms
473268523,3449.0,50.0,2.0,Bagn,Innlandet
472374565,3422.0,12.0,43.0,Rena,Innlandet
473138516,5056.0,87.0,6.0,Ansnes,Trøndelag
464376719,5007.0,44.0,23.0,Fosslandsosen,Trøndelag
297876802,5059.0,557.0,23.0,Storås,Trøndelag
474548983,1579.0,42.0,387.0,Elnesvågen,Møre og Romsdal
474594205,4014.0,10.0,44.0,Stabbestad,Telemark
419923473,3423.0,17.0,26.0,Koppang,Innlandet
428146220,1514.0,11.0,10.0,Gursken,Møre og Romsdal
475434352,1149.0,8.0,8.0,Sævelandsvik,Rogaland
461976533,1833.0,175.0,3.0,Utskarpen,Nordland
476131238,3419.0,5.0,3.0,Braskereidfoss,Innlandet
475313132,3425.0,165.0,181.0,Drevsjø,Innlandet
476716806,3448.0,20.0,4.0,Dokka,Innlandet
436086225,6570.0,46.0,11.0,Smøla,65
474830340,3415.0,53.0,45.0,Disenå,Innlandet
476554822,1868.0,76.0,80.0,Myre,Nordland
333118850,1822.0,98.0,2.0,Bardal,Nordland
439328840,3419.0,50.0,12.0,Braskereidfoss,Innlandet
465163704,4020.0,18.0,17.0,Bø i Telemark,Telemark
459773412,3417.0,11.0,11.0,Namnå,Innlandet
474829350,3414.0,34.0,9.0,Sagstua,Innlandet
468279699,4028.0,67.0,9.0,Morgedal,Telemark
476467455,3414.0,40.0,30.0,Gardvik,Innlandet
