rank,finnkode,knr,gnr,bnr,place,fulldyrka,overflatedyrka,beite,skog,annet,bebygd_vann,ikke_klass,total_daa
1,464983010,4647,533,2,Naustdal,8.1,4.7,2.8,19.1,6.7,1.2,0.0,42.6
2,428653800,1806,370,134,Kjeldebotn,11.9,0.0,0.0,103.3,15.0,3.9,0.0,134.3
3,475438557,4639,49,2,Vik i Sogn,0.0,8.8,13.6,98.1,85.4,0.7,0.0,206.6
4,460136298,5060,15,6,Indre Nærøy,78.5,0.0,7.0,5.4,149.7,4.7,0.0,245.1
5,467679110,1822,76,1,Leirfjord,24.2,0.0,5.0,0.0,0.0,1.7,449.3,480.1
6,467387890,1506,452,2,Midsund,11.5,3.1,1.4,31.5,66.3,3.2,0.0,117.0
7,465020062,5530,63,2,Silsand,0.0,0.0,14.3,29.5,136.3,4.7,0.0,184.9
8,407956817,5534,15,22,Rebbenesøy,9.1,0.0,0.0,0.0,415.9,0.4,0.0,425.4
9,467875724,5528,26,3,Brøstadbotn,20.3,0.3,0.0,53.2,28.2,2.8,0.0,105.1
10,454487275,5501,159,4,Jøvika,4.2,0.0,6.2,16.6,141.0,1.4,0.0,169.4
11,472114307,4211,31,1,Gjerstad,15.1,0.0,0.0,37.0,51.5,1.5,0.0,105.1
12,475527762,5056,62,1,Sandstad,14.6,0.0,0.0,294.5,1063.6,10.2,0.0,1382.9
13,420640875,5026,97,1,Ålen,26.1,0.0,0.9,86.0,74.1,1.2,0.0,188.3
14,472124111,5036,94,3,Frosta,25.3,0.0,0.0,0.2,0.0,1.4,0.0,27.0
15,475516012,5530,212,55,Stonglandseidet,10.4,0.0,0.0,63.2,211.2,1.4,0.0,286.3
16,474654074,1511,33,2,Sylte,33.2,0.0,7.0,55.9,214.9,4.4,0.0,315.5
17,467178758,5624,25,9,Lebesby,27.5,0.0,17.1,0.0,35.7,2.8,0.0,83.1
18,457049923,1813,154,7,Velfjord,0.0,0.0,0.0,36.5,6.0,0.1,0.7,43.4
19,416541143,1870,3,51,Sortland,16.7,0.0,0.0,32.6,24.2,1.7,0.0,75.2
20,476406700,4211,20,10,Gjerstad,0.0,0.0,4.3,198.7,38.6,0.3,0.0,241.9
0,475275627,3423,17,55,Koppang,26.7,0.0,0.0,17.1,3.3,5.7,0.0,52.8
0,464235480,5059,531,2,Jerpstad,1.1,0.0,2.5,25.9,30.5,1.8,0.1,61.9
0,474540774,5053,355,4,Mosvik,9.9,0.0,7.3,56.8,0.0,2.4,0.0,76.4
0,475976093,3234,22,2,Lunner,45.3,0.0,2.6,11.8,6.5,0.9,0.0,67.1
0,473333678,1508,814,11,Myklebust,25.0,0.0,5.0,0.0,74.3,3.0,0.0,107.3
0,474736013,3436,341,3,Kvam,32.1,0.0,0.0,96.9,88.5,2.5,0.0,220.0
0,349756784,1506,308,3,Vistdal,20.0,0.0,5.3,115.2,7.1,4.2,0.0,151.8
0,475173080,3439,116,5,Fåvang,5.7,0.0,0.0,0.3,3.1,0.0,0.0,9.1
0,467677544,5054,140,53,Fevåg,0.0,0.0,0.1,0.0,4.8,0.5,0.0,5.4
0,474854128,5027,132,3,Soknedal,7.4,0.0,0.0,0.0,0.1,1.1,0.0,8.6
0,474842605,5027,230,21,Singsås,1.7,0.0,0.0,6.3,0.0,0.9,0.0,8.9
0,474071722,5061,51,54,Rindalsskogen,1.7,0.3,0.0,0.0,0.3,2.5,0.0,4.9
