rank,finnkode,place,fylke,lat,lon,coord_src,elev_m,slope_pct,south_horizon_deg,horizon_at,sun_equinox_deg,sun_winterish_deg,km_Sunndalsøra,h_Sunndalsøra,km_Rindalsskogen,h_Rindalsskogen,reno_needed,road_fee,kommunale_avg,eiendomsskatt,km_Storas,h_Storas
1,475960194,Brumunddal,Innlandet,60.93052199266937,11.00879854188654,geonorge,350,10.1,3.2,135° @ 2500m,29.1,16.1,327.6,5.4,335.2,5.8,True,False,7785.0,2816.0,335.7,5.97
2,475976093,Lunner,Akershus,60.3179889710529,10.525157943637817,geonorge,379,4.1,4.1,225° @ 400m,29.7,16.7,386.4,6.3,415.3,6.9,True,False,6756.0,4544.0,415.8,7.01
3,476099750,Dverberg,Nordland,69.13984509011595,16.036830655867934,geonorge,7,3.5,0.7,200° @ 900m,20.9,7.9,1139.0,19.9,1045.7,18.3,True,False,11363.0,,1044.7,17.52
4,476716806,Dokka,Innlandet,60.94995158540666,9.863182382690628,geonorge,798,34.4,14.5,135° @ 400m,29.1,16.1,328.2,5.8,357.1,6.3,True,True,1692.0,,357.5,6.45
5,349756784,Vistdal,Møre og Romsdal,62.69095057658323,7.991848305876229,geonorge,124,13.5,18.7,160° @ 2500m,27.3,14.3,73.4,1.3,146.1,2.6,False,False,,,157.9,2.95
6,475275627,Koppang,Innlandet,61.56448655750776,11.00259828602324,geonorge,273,4.0,2.5,225° @ 400m,28.4,15.4,247.0,4.0,246.4,4.0,False,False,12339.0,1633.0,246.9,4.19
7,476131238,Braskereidfoss,Innlandet,60.74411709445844,11.724527718800983,geonorge,205,4.8,4.9,225° @ 2500m,29.3,16.3,358.6,5.8,350.7,5.8,False,False,6683.0,1372.0,351.2,5.98
8,476406700,Gjerstad,Agder,58.867629730246506,8.845108502848957,geonorge,234,14.8,8.8,225° @ 400m,31.1,18.1,688.5,10.3,695.9,10.6,False,False,365.0,906.0,694.7,10.81
9,476134536,Gravberget,Innlandet,60.890543047624746,12.245985819810548,geonorge,419,6.3,6.9,180° @ 900m,29.1,16.1,382.7,6.2,364.5,6.1,True,False,8118.0,666.0,364.9,6.21
10,476114833,Gratangen,Troms,68.67705324502516,17.634298705670556,geonorge,12,28.4,16.9,160° @ 2500m,21.3,8.3,1108.4,18.1,1015.0,16.5,False,False,15800.0,,1014.1,16.7
11,474830340,Disenå,Innlandet,60.11160469548063,11.806018056949672,geonorge,335,6.1,5.3,160° @ 400m,29.9,16.9,441.0,7.0,439.8,7.2,True,False,8195.0,2601.0,440.5,7.38
12,472018590,Moen,Troms,69.07735587743991,18.651784299481584,geonorge,48,4.6,17.3,135° @ 400m,20.9,7.9,1192.2,19.5,1098.8,17.9,True,False,9012.0,,1097.9,18.06
13,475464069,Vågå,Innlandet,61.88485764790633,9.081940340329703,geonorge,521,24.9,14.4,180° @ 1600m,28.1,15.1,202.7,3.4,231.7,4.0,False,False,2782.0,719.0,232.1,4.1
14,475465429,Våler i Solør,Innlandet,60.63563397543452,11.832920236444329,geonorge,205,9.5,0.0,-,29.4,16.4,373.1,6.1,365.2,6.1,True,False,7267.0,1974.0,365.7,6.23
15,475441450,Vestre Gausdal,Innlandet,61.14195382419288,10.165495772753122,geonorge,369,20.8,11.1,135° @ 1600m,28.9,15.9,280.0,4.7,308.9,5.2,True,False,7821.0,,309.3,5.38
16,475621135,Vegårshei,Agder,58.72856813267664,8.910800339906407,geonorge,199,14.4,2.8,225° @ 400m,31.3,18.3,688.0,10.0,695.3,10.3,False,False,,,694.2,10.5
17,474654074,Sylte,Møre og Romsdal,62.05072508128168,5.603120632150894,geonorge,31,15.4,13.0,225° @ 1600m,27.9,14.9,356.8,6.6,486.7,8.2,False,False,6399.0,,487.2,8.32
18,475499104,Grinder,Innlandet,60.418314671227705,12.03197402563792,geonorge,160,0.2,0.7,225° @ 2500m,29.6,16.6,404.6,6.6,396.7,6.6,True,False,32669.0,3240.0,397.2,6.75
19,475516012,Stonglandseidet,Troms,69.08494378255855,17.000912913330822,geonorge,23,9.7,14.2,200° @ 1600m,20.9,7.9,1271.9,20.9,1178.6,19.3,False,False,7043.0,,1177.8,19.52
20,474829350,Sagstua,Innlandet,60.39951387667234,11.525086651831858,geonorge,148,9.3,4.1,135° @ 400m,29.6,16.6,397.3,6.2,396.0,6.5,True,False,7031.0,4737.0,396.7,6.63
21,475527762,Sandstad,Trøndelag,63.44906712571059,8.360045394557904,geonorge,7,11.6,4.9,135° @ 400m,26.6,13.6,255.4,4.2,141.3,2.3,True,False,,,146.6,2.54
22,475438557,Vik i Sogn,Vestland,61.02397187230709,6.403117650698071,geonorge,58,58.7,19.3,225° @ 2500m,29.0,16.0,434.9,7.6,463.8,8.1,False,False,,,464.3,8.26
23,475383684,Fortun,Vestland,61.51642200083434,7.705375920987324,geonorge,48,23.7,26.3,135° @ 900m,28.5,15.5,310.7,5.2,339.6,5.7,False,False,4701.0,,340.2,5.85
24,474842605,Singsås,Trøndelag,62.9519090023346,10.74725045294757,geonorge,205,16.0,7.0,160° @ 900m,27.0,14.0,159.3,2.8,104.0,1.8,True,False,2275.0,461.0,104.7,1.94
25,474854128,Soknedal,Trøndelag,62.934276220223,10.190867392806204,geonorge,304,11.4,7.8,225° @ 1600m,27.1,14.1,116.9,2.0,79.4,1.4,True,False,506.0,506.0,79.9,1.53
26,467387890,Midsund,Møre og Romsdal,62.68260870751792,6.638247799214789,geonorge,23,18.2,4.1,225° @ 400m,27.3,14.3,127.3,2.5,199.9,3.7,True,False,13021.0,,211.9,4.08
27,475173080,Fåvang,Innlandet,61.491185232346105,10.086691573972317,geonorge,829,8.9,3.3,225° @ 2500m,28.5,15.5,229.9,3.8,258.8,4.4,True,False,,,259.3,4.52
28,464235480,Jerpstad,Trøndelag,62.98037565394519,9.663788210344398,geonorge,533,9.7,8.2,200° @ 2500m,27.0,14.0,110.7,2.0,35.3,0.7,True,False,,,35.7,0.85
29,474562380,Misvær,Nordland,67.08642043986107,14.986284679854633,geonorge,169,12.3,13.7,135° @ 400m,22.9,9.9,820.8,13.1,727.4,11.4,False,False,,,726.5,11.63
30,474736013,Kvam,Innlandet,61.70592311776071,9.671621340256058,geonorge,709,16.7,6.7,225° @ 2500m,28.3,15.3,210.0,3.5,238.9,4.1,True,False,990.0,,239.5,4.21
31,474643619,Barekstad,Vestland,61.66882236390806,4.88892348380034,geonorge,15,28.7,7.0,225° @ 900m,28.3,15.3,421.2,9.5,551.1,11.1,True,False,7503.0,,551.6,11.28
32,474540774,Mosvik,Trøndelag,63.84822209878411,10.808314222549802,geonorge,120,15.9,1.0,135° @ 900m,26.2,13.2,316.8,5.4,223.4,3.7,False,False,,,222.6,3.93
33,474071722,Rindalsskogen,Trøndelag,63.13384727016352,9.330015972431726,geonorge,295,14.6,11.3,225° @ 1600m,26.9,13.9,92.2,1.8,5.2,0.1,True,True,2255.0,,17.1,0.46
34,470008888,Svatsum,Innlandet,61.33050893103876,9.79612700865477,geonorge,651,45.7,16.7,135° @ 400m,28.7,15.7,275.8,4.5,304.7,5.1,True,False,8227.0,,304.0,5.22
35,473772466,Orkanger,Trøndelag,63.29498536319223,9.823356842980829,geonorge,75,31.4,15.0,225° @ 400m,26.7,13.7,145.4,2.6,45.2,0.8,False,True,,,44.2,1.0
36,473268523,Bagn,Innlandet,60.77791905203675,9.597357278916668,geonorge,432,26.7,5.4,160° @ 2500m,29.2,16.2,360.2,6.1,389.2,6.6,True,False,,,389.4,6.73
37,473333678,Myklebust,Møre og Romsdal,62.73101585539653,6.461174256423471,geonorge,11,3.2,5.7,225° @ 900m,27.3,14.3,278.7,4.9,351.4,6.2,True,False,22882.0,,363.2,6.51
38,472124111,Frosta,Trøndelag,63.56052316556569,10.694368511032376,geonorge,22,1.7,1.4,180° @ 2500m,26.4,13.4,252.8,4.3,159.5,2.6,False,False,5627.0,,158.5,2.83
39,472114307,Gjerstad,Agder,58.90357932108856,9.015199734408936,geonorge,75,16.7,20.1,180° @ 400m,31.1,18.1,679.4,9.9,686.7,10.2,True,False,,,685.6,10.34
40,457326307,Lesund,Møre og Romsdal,63.33860517344216,8.463985905539158,geonorge,22,11.6,0.9,135° @ 400m,26.7,13.7,134.9,3.0,123.7,2.0,True,False,20691.0,,129.0,2.28
41,467999745,Nord-Torpa,Innlandet,61.00953744850949,10.01927778029559,geonorge,540,15.0,8.5,225° @ 900m,29.0,16.0,316.0,5.3,345.0,5.8,True,False,,,345.3,5.93
42,468279699,Morgedal,Telemark,59.47622700445476,8.366131036419608,geonorge,547,17.9,10.4,180° @ 1600m,30.5,17.5,641.0,9.8,648.3,10.1,False,True,,,648.8,10.28
43,428653800,Kjeldebotn,Nordland,68.4056187618071,16.652264501734944,geonorge,12,2.0,4.7,225° @ 400m,21.6,8.6,1037.0,16.9,943.6,15.2,False,False,8841.0,,942.8,15.46
44,467875724,Brøstadbotn,Troms,69.00690377101047,17.429127967137187,geonorge,39,15.5,11.9,225° @ 400m,21.0,8.0,1194.7,19.7,1101.4,18.1,True,False,4223.0,,1100.5,18.28
45,467677544,Fevåg,Trøndelag,63.6812638513558,9.874171745140975,geonorge,15,12.0,1.4,135° @ 2500m,26.3,13.3,234.6,4.4,141.0,2.8,True,True,,440.0,138.9,2.95
46,467679110,Leirfjord,Nordland,65.97802853006093,12.899162488197256,geonorge,30,19.5,29.9,135° @ 400m,24.0,11.0,619.9,11.4,526.5,9.8,True,True,41000.0,,525.7,9.99
47,467709596,Tana,Finnmark,70.08590329561983,27.845568076242245,geonorge,43,15.6,5.4,225° @ 400m,19.9,6.9,1659.9,24.7,1566.5,23.1,True,False,,,1566.7,23.25
48,467201752,Gol,Buskerud,60.66756862314924,9.032680614378569,geonorge,193,17.1,24.2,135° @ 1600m,29.3,16.3,386.9,6.7,415.8,7.2,True,False,,456.0,416.7,7.35
49,467178758,Lebesby,Finnmark,70.59496826248132,27.277453414147,geonorge,34,21.2,19.6,160° @ 400m,19.4,6.4,1805.4,27.0,1712.1,25.4,False,False,,,1712.3,25.6
50,465020062,Silsand,Troms,69.27261988041639,17.911421292772914,geonorge,18,10.7,3.6,225° @ 1600m,20.7,7.7,1221.0,20.1,1127.6,18.5,True,False,6185.0,,1126.8,18.67
51,464983010,Naustdal,Vestland,61.5724364044611,5.873552120361382,geonorge,219,31.8,10.1,160° @ 2500m,28.4,15.4,417.3,8.0,527.6,8.9,True,False,340.0,,528.0,9.06
52,416541143,Sortland,Nordland,68.65694544921833,15.59838142882182,geonorge,102,18.3,29.0,135° @ 900m,21.3,8.3,1057.1,18.5,963.7,16.9,True,False,,,962.7,16.15
53,412359175,Uvdal,36,60.2698519,8.7509752,nominatim(place),500,14.2,17.1,225° @ 1600m,29.7,16.7,466.6,7.8,495.5,8.4,True,False,,,496.4,8.52
54,460136298,Indre Nærøy,Trøndelag,64.82866182325672,11.276476207486702,geonorge,9,3.5,1.3,225° @ 400m,25.2,12.2,481.5,8.2,388.1,6.5,True,False,,,387.3,6.74
55,457049923,Velfjord,Nordland,65.29301428545064,12.692407445468788,geonorge,126,6.1,9.4,200° @ 1600m,24.7,11.7,555.7,9.2,462.3,7.5,False,True,,,461.6,7.74
56,454487275,Jøvika,Troms,69.59669712661754,19.75663926530589,geonorge,23,22.2,6.4,135° @ 400m,20.4,7.4,1286.6,21.0,1193.2,19.4,True,False,,,1192.3,19.6
57,385752750,Harran,17,64.5608833,12.4918601,nominatim(place),79,1.1,3.0,180° @ 1600m,25.4,12.4,392.5,6.5,299.1,4.9,False,False,14000.0,,298.3,5.08
58,398524817,Begnadalen,52,60.6475666,9.7819197,nominatim(place),201,5.9,9.9,180° @ 1600m,29.4,16.4,377.2,6.3,406.2,6.8,False,False,,,406.5,6.93
59,420640875,Ålen,Trøndelag,62.83774594444933,11.286433757256685,geonorge,428,25.0,7.4,160° @ 2500m,27.2,14.2,198.6,3.4,143.3,2.5,False,False,10801.0,,144.0,2.61
60,297876802,Storås,Trøndelag,63.07907329558867,9.613042502315704,geonorge,128,2.6,8.1,135° @ 2500m,26.9,13.9,120.0,2.0,16.8,0.3,True,False,,,17.2,0.44
61,407956817,Rebbenes,Troms,70.04449906775216,18.84909720231145,geonorge,9,16.6,10.7,225° @ 400m,20.0,7.0,1383.8,23.4,1290.5,21.8,True,False,3776.0,1558.0,1289.7,22.03
62,311146765,Agdenes,Trøndelag,63.59854203890397,9.536811169197398,geonorge,24,16.3,0.0,-,26.4,13.4,203.7,3.6,103.4,1.8,True,False,,,102.5,2.0
63,355847711,Moldjord,81,67.0067966,14.5764523,nominatim(place),11,19.9,12.0,135° @ 2500m,23.0,10.0,842.5,13.5,749.1,11.8,False,False,,,748.2,12.02
64,358634890,Skiptvet,12,59.4711289,11.1517978,nominatim(place),105,2.4,6.9,225° @ 400m,30.5,17.5,520.2,7.8,527.5,8.1,False,False,,,528.3,8.27
65,333118850,Bardal,Nordland,66.18472492831941,13.309725566421816,geonorge,29,3.9,14.8,200° @ 1600m,23.8,10.8,622.4,10.1,529.1,8.5,False,False,22601.0,,528.2,8.67
3,445777037,Lindesnes,Agder,58.03250489320737,7.07336908187898,geonorge,92,6.4,7.9,200° @ 400m,32.0,19.0,850.0,12.4,857.3,12.7,False,False,586.0,,856.5,12.84
12,471069427,Sortland,Nordland,68.73959404427477,15.692553285464967,geonorge,34,7.2,15.3,200° @ 2500m,21.3,8.3,1079.0,18.9,985.6,17.3,True,False,1198.0,,984.6,16.55
13,376754442,Hansnes,Troms,70.13034632571274,19.208580781659688,geonorge,6,9.3,16.3,180° @ 400m,19.9,6.9,1374.8,22.8,1281.4,21.1,False,False,2947.0,,1280.6,21.34
15,466566362,Halsanaustan,Trøndelag,63.08013774698173,8.262088473316325,geonorge,104,16.0,9.5,225° @ 400m,26.9,13.9,88.7,1.7,75.7,1.3,True,False,17914.0,,87.5,1.66
19,443567563,Halsanaustan,Trøndelag,63.11826972200176,8.247403229458824,geonorge,45,27.3,8.8,225° @ 900m,26.9,13.9,93.5,1.8,80.5,1.4,True,False,,,92.3,1.75
23,468153599,Terråk,Nordland,65.04345607312244,12.158619394865044,geonorge,32,17.8,10.8,180° @ 2500m,25.0,12.0,464.8,7.8,371.4,6.1,True,False,14250.0,,370.6,6.33
24,475979121,Inndyr,Nordland,66.97856607383017,13.984317551509353,geonorge,24,5.1,6.4,225° @ 2500m,23.0,10.0,922.2,14.7,828.8,13.1,False,False,11792.0,1717.0,827.9,13.31
26,466763238,Sundøya,Nordland,65.99238050929372,12.856895541601093,geonorge,63,5.2,6.7,225° @ 2500m,24.0,11.0,617.9,10.0,524.5,8.4,False,False,2436.0,3609.0,523.7,8.61
27,469741837,Kaldfarnes,Troms,69.29946647134366,16.95278064791379,geonorge,3,1.6,23.3,200° @ 900m,20.7,7.7,1269.6,20.9,1176.2,19.3,True,False,8022.0,558.0,1175.4,19.51
28,472119208,Nordfold,Nordland,67.75653133559793,15.201734612322356,geonorge,14,11.8,9.7,180° @ 900m,22.2,9.2,995.2,15.9,901.8,14.3,True,False,7826.0,,900.9,14.46
29,475283450,Lyngseidet,Troms,69.64646865276745,20.32268708653854,geonorge,18,24.3,0.0,160° @ 2500m,20.4,7.4,1303.7,21.4,1210.3,19.8,True,False,1456.0,,1209.4,20.02
32,469251867,Lysøysundet,Trøndelag,63.87417737411805,9.917621604816617,geonorge,27,10.5,3.4,180° @ 900m,26.1,13.1,233.5,4.5,133.2,2.7,True,False,598.0,,132.3,2.86
33,457788970,Hamneidet,Troms,69.92678199197185,20.93297898012209,geonorge,16,18.9,11.0,200° @ 2500m,20.1,7.1,1562.4,23.5,1469.0,21.9,False,False,2115.0,,1467.9,22.08
34,475855755,Dokka,Innlandet,60.790332770492135,10.14426750993615,geonorge,141,21.0,7.0,160° @ 2500m,29.2,16.2,336.1,5.6,365.1,6.1,True,False,9054.0,,365.4,6.24
36,362005029,Leirvik i Sogn,Vestland,61.171339631129285,5.389195012593538,geonorge,89,7.8,14.2,135° @ 1600m,28.8,15.8,479.7,8.7,572.9,9.6,True,False,,,573.3,9.77
38,475873934,Kvitnes,Nordland,68.56819023316632,15.226943644199798,geonorge,26,19.6,4.5,135° @ 900m,21.4,8.4,1079.6,18.9,986.2,17.2,False,False,10953.0,,985.2,16.51
42,476375061,Dokka,Innlandet,60.78914657179349,10.146484642272323,geonorge,178,22.2,4.8,160° @ 2500m,29.2,16.2,336.5,5.6,365.4,6.1,False,False,439.0,,365.7,6.26
43,474757947,Atløy,Vestland,61.32994017342649,5.0150926525559605,geonorge,28,10.6,18.3,225° @ 1600m,28.7,15.7,471.4,8.9,564.5,9.8,True,False,17989.0,,564.9,9.93
48,472090363,Foldrøyhamn,Vestland,59.79204490501747,5.269290944353461,geonorge,30,4.9,0.8,200° @ 2500m,30.2,17.2,692.5,12.0,721.5,12.5,True,False,9247.0,5539.0,721.9,12.73
50,474068215,Åmli,Agder,58.773667836716704,8.491116307087145,geonorge,160,16.9,23.4,225° @ 400m,31.2,18.2,723.4,10.6,730.7,10.9,True,False,9397.0,,729.6,11.06
51,404193110,Indre Billefjord,Finnmark,70.37991381368354,25.100397055372248,geonorge,18,17.2,16.3,225° @ 400m,19.6,6.6,1686.6,25.4,1593.2,23.7,True,False,14828.0,,1592.1,23.92
52,475987647,Meråker,Trøndelag,63.44368309247335,11.657668099311229,geonorge,95,12.6,21.9,180° @ 900m,26.6,13.6,252.9,4.2,159.5,2.6,False,False,,,158.5,2.8
54,468180497,Dønna,Nordland,66.08877890524252,12.58794629966894,geonorge,19,14.1,8.4,225° @ 900m,23.9,10.9,635.7,11.9,542.3,10.3,True,False,8858.0,,541.4,10.47
55,471410488,Vihals,Møre og Romsdal,63.3832920463281,8.59223837141407,geonorge,16,10.0,2.5,225° @ 400m,26.6,13.6,139.5,3.1,122.8,2.0,False,False,14234.0,,128.1,2.27
56,356085804,Ågskardet,Nordland,66.71392611399702,13.466060530015938,geonorge,25,21.4,10.3,225° @ 400m,23.3,10.3,789.9,16.3,696.6,14.7,False,False,,,695.6,14.84
59,449805105,Dyrvik,Trøndelag,63.739129862191184,8.637433262540712,geonorge,23,8.5,0.9,135° @ 900m,26.3,13.3,265.8,4.6,151.7,2.6,True,False,4999.0,,157.0,2.85
63,413279463,Lena,53,60.6739717,10.8134458,nominatim(place),231,3.3,2.0,200° @ 1600m,29.3,16.3,336.8,5.6,365.7,6.1,False,False,,,366.2,6.26
64,474203425,Kokelv,Finnmark,70.60518157781395,24.728239346192524,geonorge,50,14.7,4.7,225° @ 900m,19.4,6.4,1698.1,25.5,1604.8,23.9,True,False,11900.0,,1603.6,24.05
65,472266654,Høydalsmo,Telemark,59.49866955491049,8.19672911838062,geonorge,563,11.7,13.8,135° @ 900m,30.5,17.5,651.2,9.9,658.5,10.2,True,False,,,659.0,10.43
68,401209430,Trofors,Nordland,65.38647627017909,13.36613821847034,geonorge,144,8.2,10.8,225° @ 2500m,24.6,11.6,506.6,8.3,413.2,6.7,False,False,,,412.4,6.86
70,469440662,Sundebru,Agder,58.82888712710759,9.023814844852865,geonorge,233,7.4,1.5,180° @ 400m,31.2,18.2,673.8,9.8,681.1,10.1,False,False,6930.0,1540.0,680.0,10.24
71,357150286,Tranøy,Nordland,68.1377318992782,15.710063907602626,geonorge,17,3.9,1.1,225° @ 400m,21.9,8.9,996.8,16.0,903.4,14.3,False,False,,,902.5,14.54
77,460730121,Værøy,Nordland,67.6706655947691,12.678163680874826,geonorge,4,1.4,16.5,160° @ 900m,22.3,9.3,1272.7,23.4,1179.3,21.8,False,False,13000.0,,1178.3,21.02
79,472437010,Andebu,Vestfold,59.30149684314876,10.049119849337748,geonorge,151,29.4,8.8,225° @ 900m,30.7,17.7,561.8,8.4,569.1,8.7,True,False,4217.0,,569.3,8.85
81,476452323,Gjesåsen,Innlandet,60.69372195679537,12.100566382746974,geonorge,222,8.6,5.1,200° @ 1600m,29.3,16.3,385.0,6.4,379.2,6.3,False,False,,706.0,379.6,6.51
82,476102695,Slettås,Innlandet,61.38563838117749,12.004138125383548,geonorge,562,1.6,0.0,225° @ 2500m,28.6,15.6,325.7,5.4,314.6,5.2,True,False,4769.0,474.0,315.0,5.34
83,473860827,Vik i Sogn,Vestland,61.05635377592896,6.612319888854426,geonorge,163,41.6,28.7,135° @ 900m,28.9,15.9,422.6,7.4,451.5,7.9,True,False,4213.0,,452.0,8.07
84,473648025,Ulvsvåg,Nordland,68.10712572310894,15.80998882689346,geonorge,51,9.1,0.0,-,21.9,8.9,970.1,15.5,876.7,13.9,False,False,4064.0,,875.8,14.06
87,464103876,Ulvik,Vestland,60.51679262650085,6.946753654170262,geonorge,25,50.2,22.1,135° @ 1600m,29.5,16.5,516.0,8.8,545.0,9.3,False,False,632.0,,545.5,9.47
88,472017495,Jordet,Innlandet,61.493257735464375,12.11460317129792,geonorge,455,3.4,8.7,135° @ 900m,28.5,15.5,307.9,5.1,296.8,4.9,True,False,,,297.3,5.05
89,468822575,Sørreisa,Troms,69.16850985281954,18.10919121372457,geonorge,15,5.4,6.9,160° @ 2500m,20.8,7.8,1200.1,19.6,1106.7,18.0,True,False,13629.0,,1105.9,18.22
90,380330192,Hernes,Innlandet,60.97549150571132,11.715775130407597,geonorge,344,1.5,2.3,225° @ 2500m,29.0,16.0,338.2,5.5,320.0,5.3,False,False,,,320.4,5.44
91,475966797,Åsvang,Innlandet,60.70417181128845,11.390699474632807,geonorge,372,2.5,2.1,180° @ 400m,29.3,16.3,355.9,5.7,355.3,5.9,True,False,3280.0,3885.0,355.9,6.04
92,473322165,Eidsvåg i Romsdal,Møre og Romsdal,62.78490418001313,8.098574929958852,geonorge,56,3.7,6.7,225° @ 2500m,27.2,14.2,39.0,0.7,111.7,2.0,True,False,27151.0,5295.0,123.5,2.37
94,476027590,Storsteinnes,Troms,69.09486921010782,19.1659329197315,geonorge,237,10.7,7.2,160° @ 1600m,20.9,7.9,1214.7,19.8,1121.3,18.2,True,False,9053.0,,1120.4,18.4
96,469330058,Lyngstad,Møre og Romsdal,62.96227757632165,7.374469737171064,geonorge,8,5.1,5.5,160° @ 1600m,27.0,14.0,116.3,2.0,151.1,2.7,True,False,21173.0,,163.0,3.08
97,476532413,Rollag,Buskerud,59.97606183269393,9.287022848894749,geonorge,205,14.8,7.3,225° @ 2500m,30.0,17.0,499.0,8.4,528.0,8.9,True,False,10094.0,,525.6,9.04
98,473025763,Koppang,Innlandet,61.41891523670942,11.08054819439472,geonorge,259,15.7,8.3,135° @ 2500m,28.6,15.6,266.0,4.3,265.3,4.4,True,False,8584.0,3281.0,265.6,4.5
99,471316257,Sagstua,Innlandet,60.41405591928808,11.487866482516283,geonorge,176,7.7,4.4,225° @ 400m,29.6,16.6,393.7,6.1,401.0,6.4,True,False,17227.0,4480.0,401.7,6.59
100,467480104,Steinkjer,Trøndelag,64.18681955644729,11.91534745394307,geonorge,63,8.2,5.8,160° @ 1600m,25.8,12.8,331.8,5.6,238.5,3.9,True,False,19247.0,,237.7,4.13
101,474861015,Notodden,Telemark,59.57348104657338,9.265228261901292,geonorge,61,20.1,8.8,135° @ 400m,30.4,17.4,568.5,8.6,575.8,8.9,False,False,,,576.3,9.07
102,473280055,Knapper,Innlandet,60.46497502885525,11.619037099577772,geonorge,174,32.1,10.9,225° @ 400m,29.5,16.5,386.2,6.3,391.9,6.5,False,False,585.0,3217.0,392.6,6.67
105,399785558,Heradsbygd,Innlandet,60.83436786841333,11.664848370002131,geonorge,228,0.4,2.8,180° @ 900m,29.2,16.2,347.3,5.7,344.1,5.7,True,False,7554.0,2967.0,344.5,5.83
106,468411674,Vannvåg,Troms,70.1232386882186,19.97801824598688,geonorge,6,12.5,1.0,200° @ 900m,19.9,6.9,1384.1,23.4,1290.8,21.8,True,False,10267.0,,1290.0,21.99
109,436987165,Straumsjøen,Nordland,68.66830739699745,14.421724107015544,geonorge,8,0.7,6.9,180° @ 2500m,21.3,8.3,1123.4,19.6,1030.0,18.0,True,False,6959.0,,1029.0,17.28
110,415359177,Haltdalen,73,62.926567,11.1409006,nominatim(place),268,7.9,12.5,160° @ 900m,27.1,14.1,183.6,3.2,128.4,2.2,False,False,1700.0,1000.0,129.0,2.35
114,427635750,Lundenes,Troms,68.8768878,16.5667047,nominatim(place),4,0.9,9.6,200° @ 2500m,21.1,8.1,1188.7,20.2,1095.3,18.5,True,False,,,1094.5,18.74
116,472374565,Rena,Innlandet,61.13752052584727,11.331739662394472,geonorge,316,4.3,1.5,225° @ 2500m,28.9,15.9,308.3,5.0,300.1,5.0,True,False,4296.0,,300.5,5.18
117,473138516,Ansnes,Trøndelag,63.644506890836055,8.9908383652187,geonorge,19,9.8,2.2,225° @ 400m,26.4,13.4,233.3,3.9,119.2,1.9,True,False,14288.0,,124.6,2.16
118,464376719,Fosslandsosen,Trøndelag,64.5892241128439,11.230283563034304,geonorge,26,13.3,22.2,225° @ 400m,25.4,12.4,399.1,6.8,305.7,5.2,False,False,12983.0,,305.0,5.38
120,474548983,Elnesvågen,Møre og Romsdal,62.85214439277931,7.127409373263776,geonorge,27,14.0,10.8,200° @ 400m,27.1,14.1,107.6,1.9,164.0,3.0,True,False,17274.0,,175.8,3.3
121,474594205,Stabbestad,Telemark,58.84526423199415,9.435369465241504,geonorge,55,11.6,0.0,-,31.2,18.2,676.4,9.9,683.7,10.1,True,False,9963.0,3514.0,682.7,10.33
122,419923473,Koppang,Innlandet,61.55755817103602,11.011470669511173,geonorge,277,4.0,2.1,135° @ 1600m,28.4,15.4,247.9,4.0,247.3,4.0,False,False,14680.0,3805.0,247.8,4.2
123,428146220,Gursken,Møre og Romsdal,62.23824304229692,5.568851546808844,geonorge,32,30.5,32.2,160° @ 400m,27.8,14.8,341.2,6.3,413.9,7.6,True,False,15772.0,,425.9,7.94
124,475434352,Sævelandsvik,Rogaland,59.27315023770716,5.207477974287622,geonorge,28,1.6,0.0,-,30.7,17.7,716.0,12.4,745.0,12.9,True,False,9880.0,,745.6,13.05
125,461976533,Utskarpen,Nordland,66.2908127272196,13.585019393013026,geonorge,17,15.5,10.9,160° @ 2500m,23.7,10.7,684.5,11.1,591.1,9.5,False,False,,401.0,590.2,9.7
127,475313132,Drevsjø,Innlandet,61.97362044410804,11.947147619759066,geonorge,670,1.0,4.5,160° @ 900m,28.0,15.0,278.3,4.6,267.3,4.4,True,False,9676.0,,267.8,4.54
129,436086225,Smøla,65,63.4896442,7.6998408,nominatim(place),-20,8.3,0.0,-,26.5,13.5,166.0,3.8,188.2,3.4,True,False,5000.0,,193.4,3.6
131,476554822,Myre,Nordland,68.9420007437869,15.1239165614065,geonorge,18,15.6,10.2,225° @ 400m,21.1,8.1,1107.0,19.4,1013.6,17.7,True,False,,,1012.6,17.01
133,439328840,Braskereidfoss,Innlandet,60.73392832199156,11.820573621919385,geonorge,205,2.7,1.7,225° @ 1600m,29.3,16.3,364.0,6.0,358.2,6.0,False,False,17055.0,,358.6,6.11
134,465163704,Bø i Telemark,Telemark,59.45546233204537,9.030713465751903,geonorge,388,22.8,15.4,180° @ 900m,30.5,17.5,598.7,9.1,606.0,9.4,False,True,14212.0,,606.5,9.57
135,459773412,Namnå,Innlandet,60.49727450485658,12.106967016566058,geonorge,186,2.9,0.8,135° @ 2500m,29.5,16.5,399.2,6.5,393.4,6.5,False,False,13070.0,4484.0,393.8,6.66
138,476467455,Gardvik,Innlandet,60.43062242489658,11.586950460674403,geonorge,184,9.0,10.2,160° @ 900m,29.6,16.6,404.5,6.3,397.4,6.6,False,False,8545.0,2590.0,398.1,6.75
