rank,finnkode,knr,gnr,bnr,place,fylke
1,464983010,4647,533,2,Naustdal,Vestland
2,428653800,1806,370,134,Kjeldebotn,Nordland
3,475438557,4639,49,2,Vik i Sogn,Vestland
4,460136298,5060,15,6,Indre Nærøy,Trøndelag
5,467679110,1822,76,1,Leirfjord,Nordland
6,467387890,1506,452,2,Midsund,Møre og Romsdal
7,465020062,5530,63,2,Silsand,Troms
8,407956817,5534,15,22,Rebbenes,Troms
9,467875724,5528,26,3,Brøstadbotn,Troms
10,454487275,5501,159,4,Jøvika,Troms
11,472114307,4211,31,1,Gjerstad,Agder
12,475527762,5056,62,1,Sandstad,Trøndelag
13,420640875,5026,97,1,Ålen,Trøndelag
14,472124111,5036,94,3,Frosta,Trøndelag
15,475516012,5530,212,55,Stonglandseidet,Troms
16,474654074,1511,33,2,Sylte,Møre og Romsdal
17,467178758,5624,25,9,Lebesby,Finnmark
18,457049923,1813,154,7,Velfjord,Nordland
19,416541143,1870,3,51,Sortland,Nordland
20,476406700,4211,20,10,Gjerstad,Agder
